event_name,event_date,result_date,fighter_a,fighter_b,fighter,matchup,prop_type,prop_label,model_prob,market_implied_prob,market_edge,bet_size,won,total_return,net,profit_multiplier
UFC Fight Night: Emmett vs. Vallejos,2026-03-14,2026-03-15,Josh Emmett,Kevin Vallejos,Kevin Vallejos,Josh Emmett vs Kevin Vallejos,fighter_b_dec,Kevin Vallejos wins by Decision,0.4515,0.3125,0.139,1.55,0.0,0.0,-1.55,0.0
UFC Fight Night: Emmett vs. Vallejos,2026-03-14,2026-03-15,Andre Fili,Jose Delgado,Jose Delgado,Andre Fili vs Jose Delgado,fighter_b_dec,Jose Delgado wins by Decision,0.4034,0.2083,0.1951,1.62,1.0,7.7772,6.1572,4.8007
UFC Fight Night: Emmett vs. Vallejos,2026-03-14,2026-03-15,Andre Fili,Jose Delgado,Andre Fili,Andre Fili vs Jose Delgado,fight_goes_distance,Fight Goes to Decision,0.5387,0.3279,0.2108,1.58,1.0,4.8185,3.2385,3.0497
UFC Fight Night: Emmett vs. Vallejos,2026-03-14,2026-03-15,Ion Cutelaba,Oumar Sy,Oumar Sy,Ion Cutelaba vs Oumar Sy,fighter_b_ko,Oumar Sy wins by KO/TKO,0.3236,0.2,0.1236,1.64,0.0,0.0,-1.64,0.0
UFC Fight Night: Evloev vs. Murphy,2026-03-21,2026-03-22,Movsar Evloev,Lerone Murphy,Movsar Evloev,Movsar Evloev vs Lerone Murphy,fight_inside_distance,Fight Ends Inside Distance,0.4949,0.3401,0.1548,1.56,0.0,0.0,-1.56,0.0
UFC Fight Night: Adesanya vs. Pyfer,2026-03-28,2026-03-29,Israel Adesanya,Joe Pyfer,Joe Pyfer,Israel Adesanya vs Joe Pyfer,fighter_b_dec,Joe Pyfer wins by Decision,0.289,0.1,0.189,1.73,0.0,0.0,-1.73,0.0
UFC Fight Night: Adesanya vs. Pyfer,2026-03-28,2026-03-29,Terrance McKinney,Kyle Nelson,Terrance McKinney,Terrance McKinney vs Kyle Nelson,fighter_a_dec,Terrance McKinney wins by Decision,0.2485,0.0667,0.1818,1.75,0.0,0.0,-1.75,0.0
UFC Fight Night: Adesanya vs. Pyfer,2026-03-28,2026-03-29,Terrance McKinney,Kyle Nelson,Terrance McKinney,Terrance McKinney vs Kyle Nelson,fight_goes_distance,Fight Goes to Decision,0.4708,0.1667,0.3041,1.6,0.0,0.0,-1.6,0.0
UFC Fight Night: Adesanya vs. Pyfer,2026-03-28,2026-03-29,Alexia Thainara,Bruna Brasil,Alexia Thainara,Alexia Thainara vs Bruna Brasil,fighter_a_ko,Alexia Thainara wins by KO/TKO,0.2682,0.1111,0.1571,1.71,0.0,0.0,-1.71,0.0
UFC Fight Night: Moicano vs. Duncan,2026-04-04,2026-04-05,Renato Moicano,Chris Duncan,Renato Moicano,Renato Moicano vs Chris Duncan,fighter_a_dec,Renato Moicano wins by Decision,0.2031,0.0952,0.1079,1.68,0.0,0.0,-1.68,0.0
UFC Fight Night: Moicano vs. Duncan,2026-04-04,2026-04-05,Renato Moicano,Chris Duncan,Renato Moicano,Renato Moicano vs Chris Duncan,fight_goes_distance,Fight Goes to Decision,0.4647,0.2439,0.2208,1.58,0.0,0.0,-1.58,0.0
UFC Fight Night: Moicano vs. Duncan,2026-04-04,2026-04-05,Virna Jandiroba,Tabatha Ricci,Virna Jandiroba,Virna Jandiroba vs Tabatha Ricci,fighter_a_ko,Virna Jandiroba wins by KO/TKO,0.1525,0.0294,0.1231,1.73,0.0,0.0,-1.73,0.0
UFC Fight Night: Moicano vs. Duncan,2026-04-04,2026-04-05,Azamat Bekoev,Tresean Gore,Tresean Gore,Azamat Bekoev vs Tresean Gore,fighter_b_ko,Tresean Gore wins by KO/TKO,0.1684,0.0625,0.1059,1.7,0.0,0.0,-1.7,0.0
UFC 327: Prochazka vs. Ulberg,2026-04-11,2026-04-12,Mateusz Gamrot,Esteban Ribovics,Mateusz Gamrot,Mateusz Gamrot vs Esteban Ribovics,fighter_a_ko,Mateusz Gamrot wins by KO/TKO,0.2141,0.0952,0.1189,1.7,0.0,0.0,-1.7,0.0
UFC 327: Prochazka vs. Ulberg,2026-04-11,2026-04-12,Tatiana Suarez,Loopy Godinez,Tatiana Suarez,Tatiana Suarez vs Loopy Godinez,fight_inside_distance,Fight Ends Inside Distance,0.5318,0.2667,0.2651,1.59,1.0,5.9618,4.3718,3.7496
UFC 327: Prochazka vs. Ulberg,2026-04-11,2026-04-12,Charles Radtke,Francisco Prado,Francisco Prado,Charles Radtke vs Francisco Prado,fighter_b_dec,Francisco Prado wins by Decision,0.2566,0.1053,0.1513,1.71,0.0,0.0,-1.71,0.0
UFC Fight Night: Burns vs. Malott,2026-04-18,2026-04-19,Gilbert Burns,Mike Malott,Mike Malott,Gilbert Burns vs Mike Malott,fighter_b_dec,Mike Malott wins by Decision,0.3432,0.1538,0.1894,1.68,0.0,0.0,-1.68,0.0
UFC Fight Night: Burns vs. Malott,2026-04-18,2026-04-19,JJ Aldrich,Jamey-Lyn Horth,JJ Aldrich,JJ Aldrich vs Jamey-Lyn Horth,fighter_a_ko,JJ Aldrich wins by KO/TKO,0.2316,0.0625,0.1691,1.75,0.0,0.0,-1.75,0.0
UFC Fight Night: Burns vs. Malott,2026-04-18,2026-04-19,JJ Aldrich,Jamey-Lyn Horth,JJ Aldrich,JJ Aldrich vs Jamey-Lyn Horth,fight_inside_distance,Fight Ends Inside Distance,0.5316,0.2326,0.299,1.6,0.0,0.0,-1.6,0.0
UFC Fight Night: Sterling vs. Zalal,2026-04-25,2026-04-26,Marcus Buchecha,Ryan Spann,Ryan Spann,Marcus Buchecha vs Ryan Spann,fighter_b_dec,Ryan Spann wins by Decision,0.2389,0.0833,0.1556,1.73,0.0,0.0,-1.73,0.0
UFC Fight Night: Sterling vs. Zalal,2026-04-25,2026-04-26,Jackson McVey,Sedriques Dumas,Jackson McVey,Jackson McVey vs Sedriques Dumas,fighter_a_dec,Jackson McVey wins by Decision,0.2671,0.1111,0.156,1.71,0.0,0.0,-1.71,0.0
UFC Fight Night: Sterling vs. Zalal,2026-04-25,2026-04-26,Jafel Filho,Cody Durden,Cody Durden,Jafel Filho vs Cody Durden,fighter_b_dec,Cody Durden wins by Decision,0.2486,0.0769,0.1717,1.74,1.0,22.6268,20.8868,13.0039
UFC Fight Night: Sterling vs. Zalal,2026-04-25,2026-04-26,Jafel Filho,Cody Durden,Jafel Filho,Jafel Filho vs Cody Durden,fight_goes_distance,Fight Goes to Decision,0.5484,0.2439,0.3045,1.61,1.0,6.6011,4.9911,4.1001
UFC Fight Night: Della Maddalena vs. Prates,2026-05-02,2026-05-03,Beneil Dariush,Quillan Salkilld,Quillan Salkilld,Beneil Dariush vs Quillan Salkilld,fighter_b_dec,Quillan Salkilld wins by Decision,0.3236,0.1333,0.1903,1.7,0.0,0.0,-1.7,0.0
UFC Fight Night: Della Maddalena vs. Prates,2026-05-02,2026-05-03,Beneil Dariush,Quillan Salkilld,Beneil Dariush,Beneil Dariush vs Quillan Salkilld,fight_goes_distance,Fight Goes to Decision,0.5187,0.2128,0.3059,1.6,0.0,0.0,-1.6,0.0
UFC Fight Night: Della Maddalena vs. Prates,2026-05-02,2026-05-03,Shamil Gaziev,Brando Pericic,Brando Pericic,Shamil Gaziev vs Brando Pericic,fighter_b_dec,Brando Pericic wins by Decision,0.2025,0.0667,0.1358,1.73,0.0,0.0,-1.73,0.0
UFC 328: Chimaev vs. Strickland,2026-05-09,2026-05-10,Sean Brady,Joaquin Buckley,Sean Brady,Sean Brady vs Joaquin Buckley,fighter_a_ko,Sean Brady wins by KO/TKO,0.226,0.1111,0.1149,1.68,0.0,0.0,-1.68,0.0
UFC 328: Chimaev vs. Strickland,2026-05-09,2026-05-10,Ateba Gautier,Ozzy Diaz,Ateba Gautier,Ateba Gautier vs Ozzy Diaz,fighter_a_dec,Ateba Gautier wins by Decision,0.2735,0.1111,0.1624,1.72,0.0,0.0,-1.72,0.0
UFC 328: Chimaev vs. Strickland,2026-05-09,2026-05-10,Ateba Gautier,Ozzy Diaz,Ateba Gautier,Ateba Gautier vs Ozzy Diaz,fight_goes_distance,Fight Goes to Decision,0.4282,0.1587,0.2695,1.62,0.0,0.0,-1.62,0.0
UFC Fight Night: Allen vs. Costa,2026-05-16,2026-05-17,Tuco Tokkos,Ivan Erslan,Tuco Tokkos,Tuco Tokkos vs Ivan Erslan,fighter_a_ko,Tuco Tokkos wins by KO/TKO,0.2462,0.1,0.1462,1.71,0.0,0.0,-1.71,0.0
UFC Fight Night: Allen vs. Costa,2026-05-16,2026-05-17,Ketlen Vieira,Jacqueline Cavalcanti,Ketlen Vieira,Ketlen Vieira vs Jacqueline Cavalcanti,fighter_a_ko,Ketlen Vieira wins by KO/TKO,0.1546,0.0526,0.102,1.69,0.0,0.0,-1.69,0.0
UFC Fight Night: Allen vs. Costa,2026-05-16,2026-05-17,Ketlen Vieira,Jacqueline Cavalcanti,Ketlen Vieira,Ketlen Vieira vs Jacqueline Cavalcanti,fight_inside_distance,Fight Ends Inside Distance,0.4812,0.25,0.2312,1.58,0.0,0.0,-1.58,0.0
UFC Fight Night: Allen vs. Costa,2026-05-16,2026-05-17,Shauna Bannon,Nicolle Caliari,Nicolle Caliari,Shauna Bannon vs Nicolle Caliari,fighter_b_ko,Nicolle Caliari wins by KO/TKO,0.202,0.0909,0.1111,1.69,0.0,0.0,-1.69,0.0
UFC Fight Night: Song vs. Figueiredo,2026-05-30,2026-06-02,Sergei Pavlovich,Tallison Teixeira,Tallison Teixeira,Sergei Pavlovich vs Tallison Teixeira,fighter_b_ko,Tallison Teixeira wins by KO/TKO,0.2352,0.1176,0.1176,1.68,,1.68,0.0,1.0
UFC Fight Night: Song vs. Figueiredo,2026-05-30,2026-06-02,Sergei Pavlovich,Tallison Teixeira,Tallison Teixeira,Sergei Pavlovich vs Tallison Teixeira,fighter_b_dec,Tallison Teixeira wins by Decision,0.2259,0.0667,0.1592,1.74,,1.74,0.0,1.0
UFC Fight Night: Song vs. Figueiredo,2026-05-30,2026-06-02,Sergei Pavlovich,Tallison Teixeira,Sergei Pavlovich,Sergei Pavlovich vs Tallison Teixeira,fight_goes_distance,Fight Goes to Decision,0.4386,0.2083,0.2303,1.59,,1.59,0.0,1.0
UFC Fight Night: Song vs. Figueiredo,2026-05-30,2026-06-02,Loma Lookboonmee,Jaqueline Amorim,Jaqueline Amorim,Loma Lookboonmee vs Jaqueline Amorim,fighter_b_ko,Jaqueline Amorim wins by KO/TKO,0.2151,0.0952,0.1199,1.7,,1.7,0.0,1.0
UFC Fight Night: Muhammad vs. Bonfim,2026-06-06,2026-06-07,Matt Schnell,Alessandro Costa,Alessandro Costa,Matt Schnell vs Alessandro Costa,fighter_b_dec,Alessandro Costa wins by Decision,0.3111,0.1111,0.2,1.72,,1.72,0.0,1.0
UFC Fight Night: Muhammad vs. Bonfim,2026-06-06,2026-06-07,Matt Schnell,Alessandro Costa,Matt Schnell,Matt Schnell vs Alessandro Costa,fight_goes_distance,Fight Goes to Decision,0.5581,0.1961,0.362,1.64,,1.64,0.0,1.0
UFC Fight Night: Muhammad vs. Bonfim,2026-06-06,2026-06-07,Marcus McGhee,John Yannis,John Yannis,Marcus McGhee vs John Yannis,fighter_b_dec,John Yannis wins by Decision,0.263,0.1111,0.1519,1.71,,1.71,0.0,1.0
UFC Fight Night: Muhammad vs. Bonfim,2026-06-06,2026-06-07,Bruno Silva,Edgar Chairez,Edgar Chairez,Bruno Silva vs Edgar Chairez,fighter_b_dec,Edgar Chairez wins by Decision,0.4778,0.2041,0.2737,1.59,,1.59,0.0,1.0
UFC Freedom 250,2026-06-14,2026-06-15,Ilia Topuria,Justin Gaethje,Ilia Topuria,Ilia Topuria vs Justin Gaethje,fighter_a_dec,Ilia Topuria wins by Decision,0.361,0.0769,0.2841,1.72,,1.72,0.0,1.0
UFC Freedom 250,2026-06-14,2026-06-15,Ilia Topuria,Justin Gaethje,Ilia Topuria,Ilia Topuria vs Justin Gaethje,fight_goes_distance,Fight Goes to Decision,0.4964,0.1299,0.3665,1.61,,1.61,0.0,1.0
UFC Freedom 250,2026-06-14,2026-06-15,Josh Hokit,Derrick Lewis,Josh Hokit,Josh Hokit vs Derrick Lewis,fighter_a_dec,Josh Hokit wins by Decision,0.2457,0.1176,0.1281,1.69,,1.69,0.0,1.0
UFC Freedom 250,2026-06-14,2026-06-15,Josh Hokit,Derrick Lewis,Derrick Lewis,Josh Hokit vs Derrick Lewis,fighter_b_dec,Derrick Lewis wins by Decision,0.1765,0.0476,0.1289,1.73,,1.73,0.0,1.0
UFC Fight Night: Kape vs. Horiguchi,2026-06-20,2026-06-21,Andre Lima,Kevin Borjas,Kevin Borjas,Andre Lima vs Kevin Borjas,fighter_b_dec,Kevin Borjas wins by Decision,0.2881,0.0833,0.2048,1.75,,1.75,0.0,1.0
UFC Fight Night: Kape vs. Horiguchi,2026-06-20,2026-06-21,Bia Mesquita,Melissa Mullins,Melissa Mullins,Bia Mesquita vs Melissa Mullins,fighter_b_dec,Melissa Mullins wins by Decision,0.2328,0.1053,0.1275,1.7,,1.7,0.0,1.0
UFC Fight Night: Kape vs. Horiguchi,2026-06-20,2026-06-21,Karol Rosa,Luana Santos,Luana Santos,Karol Rosa vs Luana Santos,fighter_b_ko,Luana Santos wins by KO/TKO,0.1639,0.0385,0.1254,1.73,,1.73,0.0,1.0
UFC Fight Night: Kape vs. Horiguchi,2026-06-20,2026-06-21,Karol Rosa,Luana Santos,Karol Rosa,Karol Rosa vs Luana Santos,fight_inside_distance,Fight Ends Inside Distance,0.4851,0.2083,0.2768,1.59,,1.59,0.0,1.0
UFC Fight Night: Fiziev vs. Torres,2026-06-27,2026-06-28,Rafael Fiziev,Manuel Torres,Manuel Torres,Rafael Fiziev vs Manuel Torres,fighter_b_dec,Manuel Torres wins by Decision,0.3343,0.0667,0.2676,1.75,,1.75,0.0,1.0
UFC Fight Night: Fiziev vs. Torres,2026-06-27,2026-06-28,Rafael Fiziev,Manuel Torres,Rafael Fiziev,Rafael Fiziev vs Manuel Torres,fight_goes_distance,Fight Goes to Decision,0.5074,0.2222,0.2852,1.6,,1.6,0.0,1.0
UFC Fight Night: Fiziev vs. Torres,2026-06-27,2026-06-28,Nazim Sadykhov,Matheus Camilo,Matheus Camilo,Nazim Sadykhov vs Matheus Camilo,fighter_b_dec,Matheus Camilo wins by Decision,0.3267,0.1538,0.1729,1.68,,1.68,0.0,1.0
UFC Fight Night: Fiziev vs. Torres,2026-06-27,2026-06-28,Abus Magomedov,Michal Oleksiejczuk,Abus Magomedov,Abus Magomedov vs Michal Oleksiejczuk,fighter_a_dec,Abus Magomedov wins by Decision,0.2883,0.1111,0.1772,1.72,,1.72,0.0,1.0
UFC 329: McGregor vs. Holloway 2,2026-07-11,2026-07-12,Conor McGregor,Max Holloway,Conor McGregor,Conor McGregor vs Max Holloway,fighter_a_dec,Conor McGregor wins by Decision,0.298,0.0833,0.2147,1.75,,1.75,0.0,1.0
UFC 329: McGregor vs. Holloway 2,2026-07-11,2026-07-12,King Green,Terrance McKinney,King Green,King Green vs Terrance McKinney,fighter_a_dec,King Green wins by Decision,0.2447,0.0476,0.1971,1.77,,1.77,0.0,1.0
UFC 329: McGregor vs. Holloway 2,2026-07-11,2026-07-12,King Green,Terrance McKinney,Terrance McKinney,King Green vs Terrance McKinney,fighter_b_dec,Terrance McKinney wins by Decision,0.2526,0.0323,0.2203,1.79,,1.79,0.0,1.0
UFC 329: McGregor vs. Holloway 2,2026-07-11,2026-07-12,King Green,Terrance McKinney,King Green,King Green vs Terrance McKinney,fight_goes_distance,Fight Goes to Decision,0.4973,0.0909,0.4064,1.62,,1.62,0.0,1.0
UFC Fight Night: Du Plessis vs. Usman,2026-07-18,2026-07-19,Tabatha Ricci,Fatima Kline,Tabatha Ricci,Tabatha Ricci vs Fatima Kline,fighter_a_ko,Tabatha Ricci wins by KO/TKO,0.158,0.0476,0.1104,1.71,,1.71,0.0,1.0
UFC Fight Night: Du Plessis vs. Usman,2026-07-18,2026-07-19,Alden Coria,Stewart Nicoll,Stewart Nicoll,Alden Coria vs Stewart Nicoll,fighter_b_dec,Stewart Nicoll wins by Decision,0.2823,0.0625,0.2198,1.77,,1.77,0.0,1.0
UFC Fight Night: Du Plessis vs. Usman,2026-07-18,2026-07-19,Alden Coria,Stewart Nicoll,Alden Coria,Alden Coria vs Stewart Nicoll,fight_goes_distance,Fight Goes to Decision,0.556,0.3279,0.2281,1.6,,1.6,0.0,1.0
UFC Fight Night: Ankalaev vs. Guskov,2026-07-25,2026-07-26,Magomed Ankalaev,Bogdan Guskov,Bogdan Guskov,Magomed Ankalaev vs Bogdan Guskov,fighter_b_ko,Bogdan Guskov wins by KO/TKO,0.2571,0.1176,0.1395,1.7,,1.7,0.0,1.0
UFC Fight Night: Ankalaev vs. Guskov,2026-07-25,2026-07-26,Magomed Ankalaev,Bogdan Guskov,Bogdan Guskov,Magomed Ankalaev vs Bogdan Guskov,fighter_b_dec,Bogdan Guskov wins by Decision,0.1849,0.0588,0.1261,1.72,,1.72,0.0,1.0
UFC Fight Night: Ankalaev vs. Guskov,2026-07-25,2026-07-26,Santiago Ponzinibbio,Sam Patterson,Sam Patterson,Santiago Ponzinibbio vs Sam Patterson,fighter_b_dec,Sam Patterson wins by Decision,0.298,0.1724,0.1256,1.66,,1.66,0.0,1.0
UFC Fight Night: Ankalaev vs. Guskov,2026-07-25,2026-07-26,Santiago Ponzinibbio,Sam Patterson,Santiago Ponzinibbio,Santiago Ponzinibbio vs Sam Patterson,fight_goes_distance,Fight Goes to Decision,0.5065,0.2703,0.2362,1.58,,1.58,0.0,1.0
UFC Fight Night: Medic vs. Rodriguez,2026-08-01,2026-08-02,Uros Medic,Daniel Rodriguez,Uros Medic,Uros Medic vs Daniel Rodriguez,fighter_a_dec,Uros Medic wins by Decision,0.263,0.0526,0.2104,1.77,,1.77,0.0,1.0
UFC Fight Night: Medic vs. Rodriguez,2026-08-01,2026-08-02,Uros Medic,Daniel Rodriguez,Daniel Rodriguez,Uros Medic vs Daniel Rodriguez,fighter_b_dec,Daniel Rodriguez wins by Decision,0.2443,0.0385,0.2058,1.78,,1.78,0.0,1.0
UFC Fight Night: Medic vs. Rodriguez,2026-08-01,2026-08-02,Uros Medic,Daniel Rodriguez,Uros Medic,Uros Medic vs Daniel Rodriguez,fight_goes_distance,Fight Goes to Decision,0.5073,0.0962,0.4111,1.62,,1.62,0.0,1.0
UFC Fight Night: Medic vs. Rodriguez,2026-08-01,2026-08-02,Mateusz Rebecki,Kyle Prepolec,Kyle Prepolec,Mateusz Rebecki vs Kyle Prepolec,fighter_b_dec,Kyle Prepolec wins by Decision,0.2008,0.0769,0.1239,1.71,,1.71,0.0,1.0
UFC Fight Night: Gamrot vs. Salkilld,2026-08-08,2026-08-09,Diego Ferreira,Billy Quarantillo,Billy Quarantillo,Diego Ferreira vs Billy Quarantillo,fighter_b_dec,Billy Quarantillo wins by Decision,0.2469,0.125,0.1219,1.68,,1.68,0.0,1.0
UFC Fight Night: Gamrot vs. Salkilld,2026-08-08,2026-08-09,Darren Elkins,Yadier del Valle,Darren Elkins,Darren Elkins vs Yadier del Valle,fighter_a_dec,Darren Elkins wins by Decision,0.2368,0.0769,0.1599,1.74,,1.74,0.0,1.0
UFC Fight Night: Gamrot vs. Salkilld,2026-08-08,2026-08-09,Darren Elkins,Yadier del Valle,Darren Elkins,Darren Elkins vs Yadier del Valle,fight_goes_distance,Fight Goes to Decision,0.5257,0.2632,0.2625,1.59,,1.59,0.0,1.0
UFC Fight Night: Gamrot vs. Salkilld,2026-08-08,2026-08-09,Juliana Miller,Ravena Oliveira,Juliana Miller,Juliana Miller vs Ravena Oliveira,fighter_a_ko,Juliana Miller wins by KO/TKO,0.2657,0.1053,0.1604,1.72,,1.72,0.0,1.0
