date,weightclass,fighter,rank
2026-03-10,Flyweight,Islam Makhachev,0
2026-03-10,Flyweight,Islam Makhachev,1
2026-03-10,Flyweight,Ilia Topuria,2
2026-03-10,Flyweight,Khamzat Chimaev,3
2026-03-10,Flyweight,Alexander Volkanovski,4
2026-03-10,Flyweight,Alex Pereira,5
2026-03-10,Flyweight,Petr Yan,6
2026-03-10,Flyweight,Merab Dvalishvili,7
2026-03-10,Flyweight,Tom Aspinall,8
2026-03-10,Flyweight,Alexandre Pantoja,9
2026-03-10,Flyweight,Max Holloway,10
2026-03-10,Flyweight,Joshua Van,11
2026-03-10,Flyweight,Dricus Du Plessis,12
2026-03-10,Flyweight,Magomed Ankalaev,13
2026-03-10,Flyweight,Jack Della Maddalena,14
2026-03-10,Flyweight,Arman Tsarukyan,15
2026-03-10,Bantamweight,Joshua Van,0
2026-03-10,Bantamweight,Alexandre Pantoja,1
2026-03-10,Bantamweight,Manel Kape,2
2026-03-10,Bantamweight,Tatsuro Taira,3
2026-03-10,Bantamweight,Brandon Royval,4
2026-03-10,Bantamweight,Kyoji Horiguchi,5
2026-03-10,Bantamweight,Lone’er Kavanagh,6
2026-03-10,Bantamweight,Brandon Moreno,7
2026-03-10,Bantamweight,Amir Albazi,7
2026-03-10,Bantamweight,Asu Almabayev,9
2026-03-10,Bantamweight,Alex Perez,10
2026-03-10,Bantamweight,Tim Elliott,11
2026-03-10,Bantamweight,Steve Erceg,12
2026-03-10,Bantamweight,Tagir Ulanbekov,13
2026-03-10,Bantamweight,Charles Johnson,14
2026-03-10,Bantamweight,Bruno Silva,15
2026-03-10,Featherweight,Petr Yan,0
2026-03-10,Featherweight,Merab Dvalishvili,1
2026-03-10,Featherweight,Umar Nurmagomedov,2
2026-03-10,Featherweight,Sean O'Malley,3
2026-03-10,Featherweight,Cory Sandhagen,4
2026-03-10,Featherweight,Song Yadong,5
2026-03-10,Featherweight,Aiemann Zahabi,6
2026-03-10,Featherweight,Deiveson Figueiredo,7
2026-03-10,Featherweight,Mario Bautista,8
2026-03-10,Featherweight,David Martinez,9
2026-03-10,Featherweight,Marlon Vera,10
2026-03-10,Featherweight,Payton Talbott,11
2026-03-10,Featherweight,Vinicius Oliveira,12
2026-03-10,Featherweight,Rob Font,13
2026-03-10,Featherweight,Kyler Phillips,14
2026-03-10,Featherweight,Montel Jackson,15
2026-03-10,Lightweight,Alexander Volkanovski,0
2026-03-10,Lightweight,Movsar Evloev,1
2026-03-10,Lightweight,Diego Lopes,2
2026-03-10,Lightweight,Lerone Murphy,3
2026-03-10,Lightweight,Yair Rodriguez,4
2026-03-10,Lightweight,Aljamain Sterling,5
2026-03-10,Lightweight,Jean Silva,6
2026-03-10,Lightweight,Arnold Allen,7
2026-03-10,Lightweight,Youssef Zalal,8
2026-03-10,Lightweight,Steve Garcia,9
2026-03-10,Lightweight,Brian Ortega,10
2026-03-10,Lightweight,Josh Emmett,11
2026-03-10,Lightweight,Melquizael Costa,12
2026-03-10,Lightweight,Patricio Pitbull,13
2026-03-10,Lightweight,Kevin Vallejos,14
2026-03-10,Lightweight,David Onama,15
2026-03-10,Welterweight,Ilia Topuria,0
2026-03-10,Welterweight,Justin Gaethje,1
2026-03-10,Welterweight,Arman Tsarukyan,2
2026-03-10,Welterweight,Charles Oliveira,3
2026-03-10,Welterweight,Max Holloway,4
2026-03-10,Welterweight,Benoît Saint Denis,5
2026-03-10,Welterweight,Paddy Pimblett,6
2026-03-10,Welterweight,Mateusz Gamrot,7
2026-03-10,Welterweight,Dan Hooker,8
2026-03-10,Welterweight,Mauricio Ruffy,9
2026-03-10,Welterweight,Renato Moicano,10
2026-03-10,Welterweight,Rafael Fiziev,11
2026-03-10,Welterweight,Beneil Dariush,12
2026-03-10,Welterweight,Michael Chandler,13
2026-03-10,Welterweight,Manuel Torres,14
2026-03-10,Welterweight,Farès Ziam,15
2026-03-10,Middleweight,Islam Makhachev,0
2026-03-10,Middleweight,Jack Della Maddalena,1
2026-03-10,Middleweight,Ian Machado Garry,2
2026-03-10,Middleweight,Michael Morales,3
2026-03-10,Middleweight,Belal Muhammad,4
2026-03-10,Middleweight,Carlos Prates,5
2026-03-10,Middleweight,Sean Brady,6
2026-03-10,Middleweight,Kamaru Usman,7
2026-03-10,Middleweight,Leon Edwards,8
2026-03-10,Middleweight,Joaquin Buckley,9
2026-03-10,Middleweight,Gabriel Bonfim,10
2026-03-10,Middleweight,Gilbert Burns,11
2026-03-10,Middleweight,Uroš Medić,12
2026-03-10,Middleweight,Colby Covington,13
2026-03-10,Middleweight,Michael Page,14
2026-03-10,Middleweight,Daniel Rodriguez,15
2026-03-10,Light Heavyweight,Khamzat Chimaev,0
2026-03-10,Light Heavyweight,Dricus Du Plessis,1
2026-03-10,Light Heavyweight,Nassourdine Imavov,2
2026-03-10,Light Heavyweight,Sean Strickland,3
2026-03-10,Light Heavyweight,Brendan Allen,4
2026-03-10,Light Heavyweight,Israel Adesanya,5
2026-03-10,Light Heavyweight,Anthony Hernandez,6
2026-03-10,Light Heavyweight,Caio Borralho,7
2026-03-10,Light Heavyweight,Reinier de Ridder,8
2026-03-10,Light Heavyweight,Robert Whittaker,9
2026-03-10,Light Heavyweight,Jared Cannonier,10
2026-03-10,Light Heavyweight,Roman Dolidze,11
2026-03-10,Light Heavyweight,Paulo Costa,12
2026-03-10,Light Heavyweight,Gregory Rodrigues,13
2026-03-10,Light Heavyweight,Joe Pyfer,14
2026-03-10,Light Heavyweight,Brunno Ferreira,15
2026-03-10,Heavyweight,Alex Pereira,0
2026-03-10,Heavyweight,Magomed Ankalaev,1
2026-03-10,Heavyweight,Jiří Procházka,2
2026-03-10,Heavyweight,Carlos Ulberg,3
2026-03-10,Heavyweight,Khalil Rountree Jr.,4
2026-03-10,Heavyweight,Jan Błachowicz,5
2026-03-10,Heavyweight,Azamat Murzakanov,6
2026-03-10,Heavyweight,Jamahal Hill,7
2026-03-10,Heavyweight,Volkan Oezdemir,8
2026-03-10,Heavyweight,Bogdan Guskov,9
2026-03-10,Heavyweight,Dominick Reyes,10
2026-03-10,Heavyweight,Aleksandar Rakić,11
2026-03-10,Heavyweight,Johnny Walker,12
2026-03-10,Heavyweight,Nikita Krylov,13
2026-03-10,Heavyweight,Dustin Jacoby,14
2026-03-10,Heavyweight,Zhang Mingyang,15
2026-03-10,Women's Strawweight,Tom Aspinall,0
2026-03-10,Women's Strawweight,Ciryl Gane,1
2026-03-10,Women's Strawweight,Alexander Volkov,2
2026-03-10,Women's Strawweight,Sergei Pavlovich,3
2026-03-10,Women's Strawweight,Curtis Blaydes,4
2026-03-10,Women's Strawweight,Waldo Cortes Acosta,5
2026-03-10,Women's Strawweight,Serghei Spivac,6
2026-03-10,Women's Strawweight,Rizvan Kuniev,7
2026-03-10,Women's Strawweight,Marcin Tybura,8
2026-03-10,Women's Strawweight,Derrick Lewis,9
2026-03-10,Women's Strawweight,Ante Delija,10
2026-03-10,Women's Strawweight,Tallison Teixeira,11
2026-03-10,Women's Strawweight,Shamil Gaziev,12
2026-03-10,Women's Strawweight,Mick Parkin,13
2026-03-10,Women's Strawweight,Valter Walker,14
2026-03-10,Women's Strawweight,Vitor Petrino,15
2026-03-10,Women's Flyweight,Valentina Shevchenko,0
2026-03-10,Women's Flyweight,Valentina Shevchenko,1
2026-03-10,Women's Flyweight,Kayla Harrison,2
2026-03-10,Women's Flyweight,Zhang Weili,3
2026-03-10,Women's Flyweight,Natalia Silva,4
2026-03-10,Women's Flyweight,Mackenzie Dern,5
2026-03-10,Women's Flyweight,Manon Fiorot,6
2026-03-10,Women's Flyweight,Erin Blanchfield,7
2026-03-10,Women's Flyweight,Julianna Peña,8
2026-03-10,Women's Flyweight,Alexa Grasso,9
2026-03-10,Women's Flyweight,Virna Jandiroba,10
2026-03-10,Women's Flyweight,Raquel Pennington,11
2026-03-10,Women's Flyweight,Tatiana Suarez,12
2026-03-10,Women's Flyweight,Rose Namajunas,13
2026-03-10,Women's Flyweight,Yan Xiaonan,14
2026-03-10,Women's Flyweight,Maycee Barber,15
2026-03-10,Women's Bantamweight,Mackenzie Dern,0
2026-03-10,Women's Bantamweight,Zhang Weili,1
2026-03-10,Women's Bantamweight,Tatiana Suarez,2
2026-03-10,Women's Bantamweight,Virna Jandiroba,3
2026-03-10,Women's Bantamweight,Yan Xiaonan,4
2026-03-10,Women's Bantamweight,Amanda Lemos,5
2026-03-10,Women's Bantamweight,Loopy Godinez,6
2026-03-10,Women's Bantamweight,Tabatha Ricci,7
2026-03-10,Women's Bantamweight,Gillian Robertson,8
2026-03-10,Women's Bantamweight,Jéssica Andrade,9
2026-03-10,Women's Bantamweight,Amanda Ribas,10
2026-03-10,Women's Bantamweight,Fatima Kline,11
2026-03-10,Women's Bantamweight,Denise Gomes,12
2026-03-10,Women's Bantamweight,Alexia Thainara,13
2026-03-10,Women's Bantamweight,Angela Hill,14
2026-03-10,Women's Bantamweight,Mizuki,15
2026-03-10,Women's Featherweight,Valentina Shevchenko,0
2026-03-10,Women's Featherweight,Manon Fiorot,1
2026-03-10,Women's Featherweight,Natalia Silva,1
2026-03-10,Women's Featherweight,Alexa Grasso,3
2026-03-10,Women's Featherweight,Erin Blanchfield,4
2026-03-10,Women's Featherweight,Maycee Barber,5
2026-03-10,Women's Featherweight,Jasmine Jasudavicius,6
2026-03-10,Women's Featherweight,Rose Namajunas,7
2026-03-10,Women's Featherweight,Tracy Cortez,8
2026-03-10,Women's Featherweight,Karine Silva,9
2026-03-10,Women's Featherweight,Miranda Maverick,10
2026-03-10,Women's Featherweight,Wang Cong,11
2026-03-10,Women's Featherweight,Casey O'Neill,12
2026-03-10,Women's Featherweight,Eduarda Moura,13
2026-03-10,Women's Featherweight,Gabriella Fernandes,14
2026-03-10,Women's Featherweight,JJ Aldrich,15
2026-03-10,Pound-for-Pound,Kayla Harrison,0
2026-03-10,Pound-for-Pound,Julianna Peña,1
2026-03-10,Pound-for-Pound,Raquel Pennington,2
2026-03-10,Pound-for-Pound,Norma Dumont,3
2026-03-10,Pound-for-Pound,Ketlen Vieira,4
2026-03-10,Pound-for-Pound,Yana Santos,5
2026-03-10,Pound-for-Pound,Irene Aldana,6
2026-03-10,Pound-for-Pound,Ailin Perez,7
2026-03-10,Pound-for-Pound,Macy Chiasson,8
2026-03-10,Pound-for-Pound,Karol Rosa,9
2026-03-10,Pound-for-Pound,Jacqueline Cavalcanti,10
2026-03-10,Pound-for-Pound,Joselyne Edwards,11
2026-03-10,Pound-for-Pound,Mayra Bueno Silva,12
2026-03-10,Pound-for-Pound,Nora Cornolle,13
2026-03-10,Pound-for-Pound,Miesha Tate,14
2026-03-10,Pound-for-Pound,Luana Santos,15
2026-03-11,Flyweight,Islam Makhachev,0
2026-03-11,Flyweight,Islam Makhachev,1
2026-03-11,Flyweight,Ilia Topuria,2
2026-03-11,Flyweight,Khamzat Chimaev,3
2026-03-11,Flyweight,Alexander Volkanovski,4
2026-03-11,Flyweight,Alex Pereira,5
2026-03-11,Flyweight,Petr Yan,6
2026-03-11,Flyweight,Tom Aspinall,7
2026-03-11,Flyweight,Merab Dvalishvili,8
2026-03-11,Flyweight,Alexandre Pantoja,9
2026-03-11,Flyweight,Joshua Van,10
2026-03-11,Flyweight,Dricus Du Plessis,11
2026-03-11,Flyweight,Charles Oliveira,12
2026-03-11,Flyweight,Magomed Ankalaev,13
2026-03-11,Flyweight,Jack Della Maddalena,14
2026-03-11,Flyweight,Max Holloway,15
2026-03-11,Bantamweight,Joshua Van,0
2026-03-11,Bantamweight,Alexandre Pantoja,1
2026-03-11,Bantamweight,Manel Kape,2
2026-03-11,Bantamweight,Tatsuro Taira,3
2026-03-11,Bantamweight,Brandon Royval,4
2026-03-11,Bantamweight,Kyoji Horiguchi,5
2026-03-11,Bantamweight,Lone’er Kavanagh,6
2026-03-11,Bantamweight,Amir Albazi,7
2026-03-11,Bantamweight,Asu Almabayev,7
2026-03-11,Bantamweight,Brandon Moreno,9
2026-03-11,Bantamweight,Alex Perez,10
2026-03-11,Bantamweight,Tim Elliott,11
2026-03-11,Bantamweight,Steve Erceg,12
2026-03-11,Bantamweight,Tagir Ulanbekov,13
2026-03-11,Bantamweight,Charles Johnson,14
2026-03-11,Bantamweight,Bruno Silva,15
2026-03-11,Featherweight,Petr Yan,0
2026-03-11,Featherweight,Merab Dvalishvili,1
2026-03-11,Featherweight,Umar Nurmagomedov,2
2026-03-11,Featherweight,Sean O'Malley,2
2026-03-11,Featherweight,Cory Sandhagen,4
2026-03-11,Featherweight,Song Yadong,5
2026-03-11,Featherweight,Aiemann Zahabi,6
2026-03-11,Featherweight,Deiveson Figueiredo,7
2026-03-11,Featherweight,Mario Bautista,8
2026-03-11,Featherweight,David Martinez,9
2026-03-11,Featherweight,Marlon Vera,10
2026-03-11,Featherweight,Payton Talbott,11
2026-03-11,Featherweight,Vinicius Oliveira,12
2026-03-11,Featherweight,Raul Rosas Jr.,13
2026-03-11,Featherweight,Montel Jackson,14
2026-03-11,Featherweight,Farid Basharat,15
2026-03-11,Lightweight,Alexander Volkanovski,0
2026-03-11,Lightweight,Movsar Evloev,1
2026-03-11,Lightweight,Diego Lopes,2
2026-03-11,Lightweight,Lerone Murphy,3
2026-03-11,Lightweight,Yair Rodriguez,4
2026-03-11,Lightweight,Aljamain Sterling,5
2026-03-11,Lightweight,Jean Silva,6
2026-03-11,Lightweight,Youssef Zalal,7
2026-03-11,Lightweight,Arnold Allen,8
2026-03-11,Lightweight,Steve Garcia,9
2026-03-11,Lightweight,Brian Ortega,10
2026-03-11,Lightweight,Josh Emmett,11
2026-03-11,Lightweight,Melquizael Costa,12
2026-03-11,Lightweight,Patricio Pitbull,13
2026-03-11,Lightweight,Kevin Vallejos,14
2026-03-11,Lightweight,David Onama,15
2026-03-11,Welterweight,Ilia Topuria,0
2026-03-11,Welterweight,Justin Gaethje,1
2026-03-11,Welterweight,Arman Tsarukyan,2
2026-03-11,Welterweight,Charles Oliveira,3
2026-03-11,Welterweight,Max Holloway,4
2026-03-11,Welterweight,Benoît Saint Denis,5
2026-03-11,Welterweight,Paddy Pimblett,6
2026-03-11,Welterweight,Dan Hooker,7
2026-03-11,Welterweight,Mateusz Gamrot,8
2026-03-11,Welterweight,Mauricio Ruffy,9
2026-03-11,Welterweight,Rafael Fiziev,10
2026-03-11,Welterweight,Renato Moicano,11
2026-03-11,Welterweight,Beneil Dariush,12
2026-03-11,Welterweight,Michael Chandler,13
2026-03-11,Welterweight,Manuel Torres,14
2026-03-11,Welterweight,Farès Ziam,15
2026-03-11,Middleweight,Islam Makhachev,0
2026-03-11,Middleweight,Jack Della Maddalena,1
2026-03-11,Middleweight,Ian Machado Garry,2
2026-03-11,Middleweight,Michael Morales,3
2026-03-11,Middleweight,Belal Muhammad,4
2026-03-11,Middleweight,Carlos Prates,5
2026-03-11,Middleweight,Sean Brady,6
2026-03-11,Middleweight,Kamaru Usman,7
2026-03-11,Middleweight,Leon Edwards,8
2026-03-11,Middleweight,Joaquin Buckley,9
2026-03-11,Middleweight,Gabriel Bonfim,10
2026-03-11,Middleweight,Gilbert Burns,11
2026-03-11,Middleweight,Uroš Medić,12
2026-03-11,Middleweight,Michael Page,13
2026-03-11,Middleweight,Colby Covington,14
2026-03-11,Middleweight,Daniel Rodriguez,15
2026-03-11,Light Heavyweight,Khamzat Chimaev,0
2026-03-11,Light Heavyweight,Dricus Du Plessis,1
2026-03-11,Light Heavyweight,Nassourdine Imavov,2
2026-03-11,Light Heavyweight,Sean Strickland,3
2026-03-11,Light Heavyweight,Israel Adesanya,4
2026-03-11,Light Heavyweight,Caio Borralho,5
2026-03-11,Light Heavyweight,Brendan Allen,6
2026-03-11,Light Heavyweight,Anthony Hernandez,7
2026-03-11,Light Heavyweight,Reinier de Ridder,8
2026-03-11,Light Heavyweight,Robert Whittaker,9
2026-03-11,Light Heavyweight,Jared Cannonier,10
2026-03-11,Light Heavyweight,Roman Dolidze,11
2026-03-11,Light Heavyweight,Gregory Rodrigues,12
2026-03-11,Light Heavyweight,Paulo Costa,13
2026-03-11,Light Heavyweight,Joe Pyfer,14
2026-03-11,Light Heavyweight,Brunno Ferreira,15
2026-03-11,Heavyweight,Alex Pereira,0
2026-03-11,Heavyweight,Magomed Ankalaev,1
2026-03-11,Heavyweight,Jiří Procházka,2
2026-03-11,Heavyweight,Carlos Ulberg,3
2026-03-11,Heavyweight,Khalil Rountree Jr.,4
2026-03-11,Heavyweight,Jan Błachowicz,5
2026-03-11,Heavyweight,Azamat Murzakanov,6
2026-03-11,Heavyweight,Jamahal Hill,7
2026-03-11,Heavyweight,Bogdan Guskov,8
2026-03-11,Heavyweight,Volkan Oezdemir,9
2026-03-11,Heavyweight,Dominick Reyes,10
2026-03-11,Heavyweight,Aleksandar Rakić,11
2026-03-11,Heavyweight,Johnny Walker,12
2026-03-11,Heavyweight,Nikita Krylov,13
2026-03-11,Heavyweight,Dustin Jacoby,14
2026-03-11,Heavyweight,Zhang Mingyang,15
2026-03-11,Women's Strawweight,Tom Aspinall,0
2026-03-11,Women's Strawweight,Ciryl Gane,1
2026-03-11,Women's Strawweight,Alexander Volkov,2
2026-03-11,Women's Strawweight,Sergei Pavlovich,3
2026-03-11,Women's Strawweight,Curtis Blaydes,4
2026-03-11,Women's Strawweight,Waldo Cortes Acosta,4
2026-03-11,Women's Strawweight,Serghei Spivac,6
2026-03-11,Women's Strawweight,Rizvan Kuniev,7
2026-03-11,Women's Strawweight,Derrick Lewis,8
2026-03-11,Women's Strawweight,Marcin Tybura,8
2026-03-11,Women's Strawweight,Ante Delija,10
2026-03-11,Women's Strawweight,Tallison Teixeira,11
2026-03-11,Women's Strawweight,Mick Parkin,12
2026-03-11,Women's Strawweight,Shamil Gaziev,13
2026-03-11,Women's Strawweight,Valter Walker,14
2026-03-11,Women's Strawweight,Tai Tuivasa,15
2026-03-11,Women's Flyweight,Valentina Shevchenko,0
2026-03-11,Women's Flyweight,Valentina Shevchenko,1
2026-03-11,Women's Flyweight,Kayla Harrison,2
2026-03-11,Women's Flyweight,Zhang Weili,3
2026-03-11,Women's Flyweight,Natalia Silva,4
2026-03-11,Women's Flyweight,Mackenzie Dern,5
2026-03-11,Women's Flyweight,Manon Fiorot,6
2026-03-11,Women's Flyweight,Erin Blanchfield,7
2026-03-11,Women's Flyweight,Julianna Peña,8
2026-03-11,Women's Flyweight,Alexa Grasso,9
2026-03-11,Women's Flyweight,Virna Jandiroba,10
2026-03-11,Women's Flyweight,Tatiana Suarez,11
2026-03-11,Women's Flyweight,Raquel Pennington,12
2026-03-11,Women's Flyweight,Yan Xiaonan,13
2026-03-11,Women's Flyweight,Rose Namajunas,14
2026-03-11,Women's Flyweight,Maycee Barber,15
2026-03-11,Women's Bantamweight,Mackenzie Dern,0
2026-03-11,Women's Bantamweight,Zhang Weili,1
2026-03-11,Women's Bantamweight,Tatiana Suarez,2
2026-03-11,Women's Bantamweight,Virna Jandiroba,3
2026-03-11,Women's Bantamweight,Yan Xiaonan,4
2026-03-11,Women's Bantamweight,Amanda Lemos,5
2026-03-11,Women's Bantamweight,Loopy Godinez,6
2026-03-11,Women's Bantamweight,Tabatha Ricci,7
2026-03-11,Women's Bantamweight,Gillian Robertson,8
2026-03-11,Women's Bantamweight,Jéssica Andrade,9
2026-03-11,Women's Bantamweight,Amanda Ribas,10
2026-03-11,Women's Bantamweight,Fatima Kline,11
2026-03-11,Women's Bantamweight,Denise Gomes,12
2026-03-11,Women's Bantamweight,Alexia Thainara,13
2026-03-11,Women's Bantamweight,Angela Hill,14
2026-03-11,Women's Bantamweight,Mizuki,15
2026-03-11,Women's Featherweight,Valentina Shevchenko,0
2026-03-11,Women's Featherweight,Natalia Silva,1
2026-03-11,Women's Featherweight,Manon Fiorot,2
2026-03-11,Women's Featherweight,Alexa Grasso,3
2026-03-11,Women's Featherweight,Erin Blanchfield,3
2026-03-11,Women's Featherweight,Maycee Barber,5
2026-03-11,Women's Featherweight,Rose Namajunas,6
2026-03-11,Women's Featherweight,Jasmine Jasudavicius,7
2026-03-11,Women's Featherweight,Tracy Cortez,8
2026-03-11,Women's Featherweight,Miranda Maverick,9
2026-03-11,Women's Featherweight,Karine Silva,10
2026-03-11,Women's Featherweight,Wang Cong,11
2026-03-11,Women's Featherweight,Casey O'Neill,12
2026-03-11,Women's Featherweight,Eduarda Moura,13
2026-03-11,Women's Featherweight,Gabriella Fernandes,14
2026-03-11,Women's Featherweight,JJ Aldrich,15
2026-03-11,Pound-for-Pound,Kayla Harrison,0
2026-03-11,Pound-for-Pound,Julianna Peña,1
2026-03-11,Pound-for-Pound,Raquel Pennington,2
2026-03-11,Pound-for-Pound,Norma Dumont,3
2026-03-11,Pound-for-Pound,Ketlen Vieira,4
2026-03-11,Pound-for-Pound,Yana Santos,5
2026-03-11,Pound-for-Pound,Irene Aldana,6
2026-03-11,Pound-for-Pound,Ailin Perez,6
2026-03-11,Pound-for-Pound,Karol Rosa,8
2026-03-11,Pound-for-Pound,Macy Chiasson,9
2026-03-11,Pound-for-Pound,Jacqueline Cavalcanti,10
2026-03-11,Pound-for-Pound,Joselyne Edwards,11
2026-03-11,Pound-for-Pound,Mayra Bueno Silva,12
2026-03-11,Pound-for-Pound,Nora Cornolle,13
2026-03-11,Pound-for-Pound,Miesha Tate,14
2026-03-11,Pound-for-Pound,Luana Santos,15
2026-03-18,Flyweight,Islam Makhachev,0
2026-03-18,Flyweight,Islam Makhachev,1
2026-03-18,Flyweight,Ilia Topuria,2
2026-03-18,Flyweight,Khamzat Chimaev,3
2026-03-18,Flyweight,Alexander Volkanovski,4
2026-03-18,Flyweight,Alex Pereira,5
2026-03-18,Flyweight,Petr Yan,6
2026-03-18,Flyweight,Tom Aspinall,7
2026-03-18,Flyweight,Merab Dvalishvili,8
2026-03-18,Flyweight,Alexandre Pantoja,9
2026-03-18,Flyweight,Joshua Van,10
2026-03-18,Flyweight,Charles Oliveira,11
2026-03-18,Flyweight,Dricus Du Plessis,12
2026-03-18,Flyweight,Jack Della Maddalena,13
2026-03-18,Flyweight,Magomed Ankalaev,14
2026-03-18,Flyweight,Arman Tsarukyan,15
2026-03-18,Bantamweight,Joshua Van,0
2026-03-18,Bantamweight,Alexandre Pantoja,1
2026-03-18,Bantamweight,Manel Kape,2
2026-03-18,Bantamweight,Tatsuro Taira,3
2026-03-18,Bantamweight,Brandon Royval,4
2026-03-18,Bantamweight,Kyoji Horiguchi,5
2026-03-18,Bantamweight,Lone’er Kavanagh,6
2026-03-18,Bantamweight,Amir Albazi,7
2026-03-18,Bantamweight,Asu Almabayev,8
2026-03-18,Bantamweight,Brandon Moreno,9
2026-03-18,Bantamweight,Alex Perez,10
2026-03-18,Bantamweight,Tim Elliott,11
2026-03-18,Bantamweight,Steve Erceg,12
2026-03-18,Bantamweight,Charles Johnson,13
2026-03-18,Bantamweight,Tagir Ulanbekov,14
2026-03-18,Bantamweight,Bruno Silva,15
2026-03-18,Featherweight,Petr Yan,0
2026-03-18,Featherweight,Merab Dvalishvili,1
2026-03-18,Featherweight,Umar Nurmagomedov,2
2026-03-18,Featherweight,Sean O'Malley,2
2026-03-18,Featherweight,Cory Sandhagen,4
2026-03-18,Featherweight,Song Yadong,5
2026-03-18,Featherweight,Aiemann Zahabi,6
2026-03-18,Featherweight,Deiveson Figueiredo,7
2026-03-18,Featherweight,Mario Bautista,8
2026-03-18,Featherweight,David Martinez,9
2026-03-18,Featherweight,Marlon Vera,10
2026-03-18,Featherweight,Payton Talbott,11
2026-03-18,Featherweight,Vinicius Oliveira,12
2026-03-18,Featherweight,Raul Rosas Jr.,13
2026-03-18,Featherweight,Montel Jackson,14
2026-03-18,Featherweight,Farid Basharat,15
2026-03-18,Lightweight,Alexander Volkanovski,0
2026-03-18,Lightweight,Movsar Evloev,1
2026-03-18,Lightweight,Diego Lopes,2
2026-03-18,Lightweight,Lerone Murphy,3
2026-03-18,Lightweight,Yair Rodriguez,4
2026-03-18,Lightweight,Aljamain Sterling,5
2026-03-18,Lightweight,Jean Silva,6
2026-03-18,Lightweight,Youssef Zalal,7
2026-03-18,Lightweight,Arnold Allen,8
2026-03-18,Lightweight,Steve Garcia,9
2026-03-18,Lightweight,Kevin Vallejos,10
2026-03-18,Lightweight,Brian Ortega,11
2026-03-18,Lightweight,Melquizael Costa,12
2026-03-18,Lightweight,Patricio Pitbull,13
2026-03-18,Lightweight,David Onama,14
2026-03-18,Lightweight,Josh Emmett,15
2026-03-18,Welterweight,Ilia Topuria,0
2026-03-18,Welterweight,Justin Gaethje,1
2026-03-18,Welterweight,Arman Tsarukyan,2
2026-03-18,Welterweight,Charles Oliveira,3
2026-03-18,Welterweight,Max Holloway,4
2026-03-18,Welterweight,Benoît Saint Denis,5
2026-03-18,Welterweight,Paddy Pimblett,6
2026-03-18,Welterweight,Dan Hooker,7
2026-03-18,Welterweight,Mateusz Gamrot,8
2026-03-18,Welterweight,Mauricio Ruffy,9
2026-03-18,Welterweight,Renato Moicano,10
2026-03-18,Welterweight,Rafael Fiziev,10
2026-03-18,Welterweight,Beneil Dariush,12
2026-03-18,Welterweight,Michael Chandler,13
2026-03-18,Welterweight,Manuel Torres,14
2026-03-18,Welterweight,Farès Ziam,15
2026-03-18,Middleweight,Islam Makhachev,0
2026-03-18,Middleweight,Jack Della Maddalena,1
2026-03-18,Middleweight,Ian Machado Garry,2
2026-03-18,Middleweight,Michael Morales,3
2026-03-18,Middleweight,Belal Muhammad,4
2026-03-18,Middleweight,Carlos Prates,5
2026-03-18,Middleweight,Sean Brady,6
2026-03-18,Middleweight,Kamaru Usman,7
2026-03-18,Middleweight,Leon Edwards,8
2026-03-18,Middleweight,Joaquin Buckley,9
2026-03-18,Middleweight,Gabriel Bonfim,10
2026-03-18,Middleweight,Gilbert Burns,11
2026-03-18,Middleweight,Uroš Medić,12
2026-03-18,Middleweight,Michael Page,13
2026-03-18,Middleweight,Colby Covington,14
2026-03-18,Middleweight,Daniel Rodriguez,15
2026-03-18,Light Heavyweight,Khamzat Chimaev,0
2026-03-18,Light Heavyweight,Dricus Du Plessis,1
2026-03-18,Light Heavyweight,Nassourdine Imavov,2
2026-03-18,Light Heavyweight,Sean Strickland,3
2026-03-18,Light Heavyweight,Israel Adesanya,4
2026-03-18,Light Heavyweight,Caio Borralho,5
2026-03-18,Light Heavyweight,Brendan Allen,6
2026-03-18,Light Heavyweight,Anthony Hernandez,7
2026-03-18,Light Heavyweight,Reinier de Ridder,8
2026-03-18,Light Heavyweight,Robert Whittaker,9
2026-03-18,Light Heavyweight,Jared Cannonier,10
2026-03-18,Light Heavyweight,Roman Dolidze,11
2026-03-18,Light Heavyweight,Gregory Rodrigues,12
2026-03-18,Light Heavyweight,Paulo Costa,13
2026-03-18,Light Heavyweight,Joe Pyfer,14
2026-03-18,Light Heavyweight,Brunno Ferreira,15
2026-03-18,Heavyweight,Alex Pereira,0
2026-03-18,Heavyweight,Magomed Ankalaev,1
2026-03-18,Heavyweight,Jiří Procházka,2
2026-03-18,Heavyweight,Carlos Ulberg,3
2026-03-18,Heavyweight,Khalil Rountree Jr.,4
2026-03-18,Heavyweight,Jan Błachowicz,5
2026-03-18,Heavyweight,Azamat Murzakanov,6
2026-03-18,Heavyweight,Jamahal Hill,7
2026-03-18,Heavyweight,Bogdan Guskov,8
2026-03-18,Heavyweight,Volkan Oezdemir,9
2026-03-18,Heavyweight,Dominick Reyes,10
2026-03-18,Heavyweight,Aleksandar Rakić,11
2026-03-18,Heavyweight,Johnny Walker,12
2026-03-18,Heavyweight,Nikita Krylov,13
2026-03-18,Heavyweight,Dustin Jacoby,14
2026-03-18,Heavyweight,Zhang Mingyang,15
2026-03-18,Women's Strawweight,Tom Aspinall,0
2026-03-18,Women's Strawweight,Ciryl Gane,1
2026-03-18,Women's Strawweight,Alexander Volkov,2
2026-03-18,Women's Strawweight,Sergei Pavlovich,3
2026-03-18,Women's Strawweight,Curtis Blaydes,4
2026-03-18,Women's Strawweight,Waldo Cortes Acosta,4
2026-03-18,Women's Strawweight,Serghei Spivac,6
2026-03-18,Women's Strawweight,Rizvan Kuniev,7
2026-03-18,Women's Strawweight,Derrick Lewis,8
2026-03-18,Women's Strawweight,Marcin Tybura,8
2026-03-18,Women's Strawweight,Ante Delija,10
2026-03-18,Women's Strawweight,Tallison Teixeira,11
2026-03-18,Women's Strawweight,Mick Parkin,12
2026-03-18,Women's Strawweight,Shamil Gaziev,13
2026-03-18,Women's Strawweight,Valter Walker,14
2026-03-18,Women's Strawweight,Vitor Petrino,15
2026-03-18,Women's Flyweight,Valentina Shevchenko,0
2026-03-18,Women's Flyweight,Valentina Shevchenko,1
2026-03-18,Women's Flyweight,Kayla Harrison,2
2026-03-18,Women's Flyweight,Zhang Weili,3
2026-03-18,Women's Flyweight,Natalia Silva,4
2026-03-18,Women's Flyweight,Mackenzie Dern,5
2026-03-18,Women's Flyweight,Manon Fiorot,6
2026-03-18,Women's Flyweight,Erin Blanchfield,7
2026-03-18,Women's Flyweight,Julianna Peña,8
2026-03-18,Women's Flyweight,Alexa Grasso,9
2026-03-18,Women's Flyweight,Virna Jandiroba,10
2026-03-18,Women's Flyweight,Tatiana Suarez,11
2026-03-18,Women's Flyweight,Raquel Pennington,12
2026-03-18,Women's Flyweight,Yan Xiaonan,13
2026-03-18,Women's Flyweight,Rose Namajunas,14
2026-03-18,Women's Flyweight,Maycee Barber,15
2026-03-18,Women's Bantamweight,Mackenzie Dern,0
2026-03-18,Women's Bantamweight,Zhang Weili,1
2026-03-18,Women's Bantamweight,Tatiana Suarez,2
2026-03-18,Women's Bantamweight,Virna Jandiroba,3
2026-03-18,Women's Bantamweight,Yan Xiaonan,4
2026-03-18,Women's Bantamweight,Gillian Robertson,5
2026-03-18,Women's Bantamweight,Loopy Godinez,6
2026-03-18,Women's Bantamweight,Tabatha Ricci,7
2026-03-18,Women's Bantamweight,Amanda Lemos,8
2026-03-18,Women's Bantamweight,Jéssica Andrade,9
2026-03-18,Women's Bantamweight,Amanda Ribas,10
2026-03-18,Women's Bantamweight,Fatima Kline,11
2026-03-18,Women's Bantamweight,Denise Gomes,12
2026-03-18,Women's Bantamweight,Alexia Thainara,13
2026-03-18,Women's Bantamweight,Angela Hill,14
2026-03-18,Women's Bantamweight,Mizuki,15
2026-03-18,Women's Featherweight,Valentina Shevchenko,0
2026-03-18,Women's Featherweight,Natalia Silva,1
2026-03-18,Women's Featherweight,Manon Fiorot,2
2026-03-18,Women's Featherweight,Alexa Grasso,3
2026-03-18,Women's Featherweight,Erin Blanchfield,3
2026-03-18,Women's Featherweight,Maycee Barber,5
2026-03-18,Women's Featherweight,Rose Namajunas,6
2026-03-18,Women's Featherweight,Jasmine Jasudavicius,7
2026-03-18,Women's Featherweight,Tracy Cortez,8
2026-03-18,Women's Featherweight,Miranda Maverick,9
2026-03-18,Women's Featherweight,Karine Silva,10
2026-03-18,Women's Featherweight,Wang Cong,11
2026-03-18,Women's Featherweight,Casey O'Neill,12
2026-03-18,Women's Featherweight,Eduarda Moura,13
2026-03-18,Women's Featherweight,Gabriella Fernandes,14
2026-03-18,Women's Featherweight,JJ Aldrich,15
2026-03-18,Pound-for-Pound,Kayla Harrison,0
2026-03-18,Pound-for-Pound,Julianna Peña,1
2026-03-18,Pound-for-Pound,Raquel Pennington,2
2026-03-18,Pound-for-Pound,Norma Dumont,3
2026-03-18,Pound-for-Pound,Ketlen Vieira,4
2026-03-18,Pound-for-Pound,Yana Santos,5
2026-03-18,Pound-for-Pound,Irene Aldana,6
2026-03-18,Pound-for-Pound,Ailin Perez,6
2026-03-18,Pound-for-Pound,Karol Rosa,8
2026-03-18,Pound-for-Pound,Macy Chiasson,9
2026-03-18,Pound-for-Pound,Jacqueline Cavalcanti,10
2026-03-18,Pound-for-Pound,Joselyne Edwards,11
2026-03-18,Pound-for-Pound,Mayra Bueno Silva,12
2026-03-18,Pound-for-Pound,Nora Cornolle,13
2026-03-18,Pound-for-Pound,Luana Santos,14
2026-03-18,Pound-for-Pound,Miesha Tate,15
2026-03-25,Flyweight,Islam Makhachev,0
2026-03-25,Flyweight,Islam Makhachev,1
2026-03-25,Flyweight,Ilia Topuria,2
2026-03-25,Flyweight,Khamzat Chimaev,3
2026-03-25,Flyweight,Alexander Volkanovski,4
2026-03-25,Flyweight,Alex Pereira,5
2026-03-25,Flyweight,Petr Yan,6
2026-03-25,Flyweight,Tom Aspinall,7
2026-03-25,Flyweight,Merab Dvalishvili,8
2026-03-25,Flyweight,Alexandre Pantoja,9
2026-03-25,Flyweight,Joshua Van,10
2026-03-25,Flyweight,Charles Oliveira,11
2026-03-25,Flyweight,Dricus Du Plessis,12
2026-03-25,Flyweight,Jack Della Maddalena,13
2026-03-25,Flyweight,Magomed Ankalaev,14
2026-03-25,Flyweight,Arman Tsarukyan,15
2026-03-25,Bantamweight,Joshua Van,0
2026-03-25,Bantamweight,Alexandre Pantoja,1
2026-03-25,Bantamweight,Manel Kape,2
2026-03-25,Bantamweight,Tatsuro Taira,3
2026-03-25,Bantamweight,Brandon Royval,4
2026-03-25,Bantamweight,Kyoji Horiguchi,5
2026-03-25,Bantamweight,Lone’er Kavanagh,6
2026-03-25,Bantamweight,Amir Albazi,7
2026-03-25,Bantamweight,Asu Almabayev,8
2026-03-25,Bantamweight,Brandon Moreno,9
2026-03-25,Bantamweight,Alex Perez,10
2026-03-25,Bantamweight,Tim Elliott,11
2026-03-25,Bantamweight,Steve Erceg,12
2026-03-25,Bantamweight,Charles Johnson,13
2026-03-25,Bantamweight,Tagir Ulanbekov,14
2026-03-25,Bantamweight,Bruno Silva,15
2026-03-25,Featherweight,Petr Yan,0
2026-03-25,Featherweight,Merab Dvalishvili,1
2026-03-25,Featherweight,Umar Nurmagomedov,2
2026-03-25,Featherweight,Sean O'Malley,2
2026-03-25,Featherweight,Cory Sandhagen,4
2026-03-25,Featherweight,Song Yadong,5
2026-03-25,Featherweight,Aiemann Zahabi,6
2026-03-25,Featherweight,Deiveson Figueiredo,7
2026-03-25,Featherweight,Mario Bautista,8
2026-03-25,Featherweight,David Martinez,9
2026-03-25,Featherweight,Marlon Vera,10
2026-03-25,Featherweight,Payton Talbott,11
2026-03-25,Featherweight,Vinicius Oliveira,12
2026-03-25,Featherweight,Raul Rosas Jr.,13
2026-03-25,Featherweight,Montel Jackson,14
2026-03-25,Featherweight,Farid Basharat,15
2026-03-25,Lightweight,Alexander Volkanovski,0
2026-03-25,Lightweight,Movsar Evloev,1
2026-03-25,Lightweight,Diego Lopes,2
2026-03-25,Lightweight,Lerone Murphy,3
2026-03-25,Lightweight,Yair Rodriguez,4
2026-03-25,Lightweight,Aljamain Sterling,5
2026-03-25,Lightweight,Jean Silva,6
2026-03-25,Lightweight,Youssef Zalal,7
2026-03-25,Lightweight,Arnold Allen,8
2026-03-25,Lightweight,Steve Garcia,9
2026-03-25,Lightweight,Kevin Vallejos,10
2026-03-25,Lightweight,Brian Ortega,11
2026-03-25,Lightweight,Melquizael Costa,12
2026-03-25,Lightweight,Patricio Pitbull,13
2026-03-25,Lightweight,David Onama,14
2026-03-25,Lightweight,Josh Emmett,15
2026-03-25,Welterweight,Ilia Topuria,0
2026-03-25,Welterweight,Justin Gaethje,1
2026-03-25,Welterweight,Arman Tsarukyan,2
2026-03-25,Welterweight,Charles Oliveira,3
2026-03-25,Welterweight,Max Holloway,4
2026-03-25,Welterweight,Benoît Saint Denis,5
2026-03-25,Welterweight,Paddy Pimblett,6
2026-03-25,Welterweight,Dan Hooker,7
2026-03-25,Welterweight,Mateusz Gamrot,8
2026-03-25,Welterweight,Mauricio Ruffy,9
2026-03-25,Welterweight,Renato Moicano,10
2026-03-25,Welterweight,Rafael Fiziev,10
2026-03-25,Welterweight,Beneil Dariush,12
2026-03-25,Welterweight,Michael Chandler,13
2026-03-25,Welterweight,Manuel Torres,14
2026-03-25,Welterweight,Farès Ziam,15
2026-03-25,Middleweight,Islam Makhachev,0
2026-03-25,Middleweight,Jack Della Maddalena,1
2026-03-25,Middleweight,Ian Machado Garry,2
2026-03-25,Middleweight,Michael Morales,3
2026-03-25,Middleweight,Belal Muhammad,4
2026-03-25,Middleweight,Carlos Prates,5
2026-03-25,Middleweight,Sean Brady,6
2026-03-25,Middleweight,Kamaru Usman,7
2026-03-25,Middleweight,Leon Edwards,8
2026-03-25,Middleweight,Joaquin Buckley,9
2026-03-25,Middleweight,Gabriel Bonfim,10
2026-03-25,Middleweight,Gilbert Burns,11
2026-03-25,Middleweight,Michael Page,12
2026-03-25,Middleweight,Uroš Medić,13
2026-03-25,Middleweight,Colby Covington,14
2026-03-25,Middleweight,Daniel Rodriguez,15
2026-03-25,Light Heavyweight,Khamzat Chimaev,0
2026-03-25,Light Heavyweight,Dricus Du Plessis,1
2026-03-25,Light Heavyweight,Nassourdine Imavov,2
2026-03-25,Light Heavyweight,Sean Strickland,3
2026-03-25,Light Heavyweight,Israel Adesanya,4
2026-03-25,Light Heavyweight,Caio Borralho,5
2026-03-25,Light Heavyweight,Brendan Allen,6
2026-03-25,Light Heavyweight,Anthony Hernandez,7
2026-03-25,Light Heavyweight,Reinier de Ridder,8
2026-03-25,Light Heavyweight,Robert Whittaker,9
2026-03-25,Light Heavyweight,Jared Cannonier,10
2026-03-25,Light Heavyweight,Gregory Rodrigues,11
2026-03-25,Light Heavyweight,Christian Leroy Duncan,12
2026-03-25,Light Heavyweight,Paulo Costa,13
2026-03-25,Light Heavyweight,Joe Pyfer,14
2026-03-25,Light Heavyweight,Roman Dolidze,15
2026-03-25,Heavyweight,Alex Pereira,0
2026-03-25,Heavyweight,Magomed Ankalaev,1
2026-03-25,Heavyweight,Jiří Procházka,2
2026-03-25,Heavyweight,Carlos Ulberg,3
2026-03-25,Heavyweight,Khalil Rountree Jr.,4
2026-03-25,Heavyweight,Jan Błachowicz,5
2026-03-25,Heavyweight,Azamat Murzakanov,6
2026-03-25,Heavyweight,Jamahal Hill,7
2026-03-25,Heavyweight,Bogdan Guskov,8
2026-03-25,Heavyweight,Volkan Oezdemir,9
2026-03-25,Heavyweight,Dominick Reyes,10
2026-03-25,Heavyweight,Aleksandar Rakić,11
2026-03-25,Heavyweight,Johnny Walker,12
2026-03-25,Heavyweight,Nikita Krylov,13
2026-03-25,Heavyweight,Dustin Jacoby,14
2026-03-25,Heavyweight,Zhang Mingyang,15
2026-03-25,Women's Strawweight,Tom Aspinall,0
2026-03-25,Women's Strawweight,Ciryl Gane,1
2026-03-25,Women's Strawweight,Alexander Volkov,2
2026-03-25,Women's Strawweight,Sergei Pavlovich,3
2026-03-25,Women's Strawweight,Curtis Blaydes,4
2026-03-25,Women's Strawweight,Waldo Cortes Acosta,4
2026-03-25,Women's Strawweight,Serghei Spivac,6
2026-03-25,Women's Strawweight,Rizvan Kuniev,7
2026-03-25,Women's Strawweight,Marcin Tybura,8
2026-03-25,Women's Strawweight,Derrick Lewis,8
2026-03-25,Women's Strawweight,Ante Delija,10
2026-03-25,Women's Strawweight,Tallison Teixeira,11
2026-03-25,Women's Strawweight,Mick Parkin,12
2026-03-25,Women's Strawweight,Shamil Gaziev,13
2026-03-25,Women's Strawweight,Valter Walker,14
2026-03-25,Women's Strawweight,Vitor Petrino,15
2026-03-25,Women's Flyweight,Valentina Shevchenko,0
2026-03-25,Women's Flyweight,Valentina Shevchenko,1
2026-03-25,Women's Flyweight,Kayla Harrison,2
2026-03-25,Women's Flyweight,Zhang Weili,3
2026-03-25,Women's Flyweight,Natalia Silva,4
2026-03-25,Women's Flyweight,Manon Fiorot,5
2026-03-25,Women's Flyweight,Mackenzie Dern,6
2026-03-25,Women's Flyweight,Erin Blanchfield,7
2026-03-25,Women's Flyweight,Julianna Peña,8
2026-03-25,Women's Flyweight,Alexa Grasso,9
2026-03-25,Women's Flyweight,Tatiana Suarez,10
2026-03-25,Women's Flyweight,Virna Jandiroba,11
2026-03-25,Women's Flyweight,Raquel Pennington,12
2026-03-25,Women's Flyweight,Yan Xiaonan,13
2026-03-25,Women's Flyweight,Rose Namajunas,14
2026-03-25,Women's Flyweight,Maycee Barber,15
2026-03-25,Women's Bantamweight,Mackenzie Dern,0
2026-03-25,Women's Bantamweight,Zhang Weili,1
2026-03-25,Women's Bantamweight,Tatiana Suarez,2
2026-03-25,Women's Bantamweight,Virna Jandiroba,3
2026-03-25,Women's Bantamweight,Yan Xiaonan,4
2026-03-25,Women's Bantamweight,Gillian Robertson,5
2026-03-25,Women's Bantamweight,Loopy Godinez,6
2026-03-25,Women's Bantamweight,Tabatha Ricci,7
2026-03-25,Women's Bantamweight,Amanda Lemos,8
2026-03-25,Women's Bantamweight,Jéssica Andrade,9
2026-03-25,Women's Bantamweight,Amanda Ribas,10
2026-03-25,Women's Bantamweight,Fatima Kline,11
2026-03-25,Women's Bantamweight,Denise Gomes,12
2026-03-25,Women's Bantamweight,Alexia Thainara,13
2026-03-25,Women's Bantamweight,Angela Hill,14
2026-03-25,Women's Bantamweight,Mizuki,15
2026-03-25,Women's Featherweight,Valentina Shevchenko,0
2026-03-25,Women's Featherweight,Natalia Silva,1
2026-03-25,Women's Featherweight,Manon Fiorot,2
2026-03-25,Women's Featherweight,Erin Blanchfield,3
2026-03-25,Women's Featherweight,Alexa Grasso,3
2026-03-25,Women's Featherweight,Maycee Barber,5
2026-03-25,Women's Featherweight,Rose Namajunas,6
2026-03-25,Women's Featherweight,Jasmine Jasudavicius,7
2026-03-25,Women's Featherweight,Tracy Cortez,8
2026-03-25,Women's Featherweight,Miranda Maverick,9
2026-03-25,Women's Featherweight,Karine Silva,10
2026-03-25,Women's Featherweight,Wang Cong,11
2026-03-25,Women's Featherweight,Casey O'Neill,12
2026-03-25,Women's Featherweight,Eduarda Moura,13
2026-03-25,Women's Featherweight,Gabriella Fernandes,14
2026-03-25,Women's Featherweight,JJ Aldrich,15
2026-03-25,Pound-for-Pound,Kayla Harrison,0
2026-03-25,Pound-for-Pound,Julianna Peña,1
2026-03-25,Pound-for-Pound,Raquel Pennington,2
2026-03-25,Pound-for-Pound,Norma Dumont,3
2026-03-25,Pound-for-Pound,Ketlen Vieira,4
2026-03-25,Pound-for-Pound,Yana Santos,5
2026-03-25,Pound-for-Pound,Irene Aldana,6
2026-03-25,Pound-for-Pound,Ailin Perez,6
2026-03-25,Pound-for-Pound,Karol Rosa,8
2026-03-25,Pound-for-Pound,Macy Chiasson,9
2026-03-25,Pound-for-Pound,Jacqueline Cavalcanti,10
2026-03-25,Pound-for-Pound,Joselyne Edwards,11
2026-03-25,Pound-for-Pound,Mayra Bueno Silva,12
2026-03-25,Pound-for-Pound,Nora Cornolle,13
2026-03-25,Pound-for-Pound,Luana Santos,14
2026-03-25,Pound-for-Pound,Miesha Tate,15
2026-04-01,Flyweight,Islam Makhachev,0
2026-04-01,Flyweight,Islam Makhachev,1
2026-04-01,Flyweight,Ilia Topuria,2
2026-04-01,Flyweight,Khamzat Chimaev,3
2026-04-01,Flyweight,Alexander Volkanovski,4
2026-04-01,Flyweight,Alex Pereira,5
2026-04-01,Flyweight,Petr Yan,6
2026-04-01,Flyweight,Tom Aspinall,7
2026-04-01,Flyweight,Merab Dvalishvili,8
2026-04-01,Flyweight,Alexandre Pantoja,9
2026-04-01,Flyweight,Joshua Van,10
2026-04-01,Flyweight,Charles Oliveira,11
2026-04-01,Flyweight,Dricus Du Plessis,12
2026-04-01,Flyweight,Jack Della Maddalena,13
2026-04-01,Flyweight,Magomed Ankalaev,14
2026-04-01,Flyweight,Arman Tsarukyan,15
2026-04-01,Bantamweight,Joshua Van,0
2026-04-01,Bantamweight,Alexandre Pantoja,1
2026-04-01,Bantamweight,Manel Kape,2
2026-04-01,Bantamweight,Tatsuro Taira,3
2026-04-01,Bantamweight,Brandon Royval,4
2026-04-01,Bantamweight,Kyoji Horiguchi,5
2026-04-01,Bantamweight,Lone’er Kavanagh,6
2026-04-01,Bantamweight,Amir Albazi,7
2026-04-01,Bantamweight,Asu Almabayev,8
2026-04-01,Bantamweight,Brandon Moreno,9
2026-04-01,Bantamweight,Alex Perez,10
2026-04-01,Bantamweight,Tim Elliott,11
2026-04-01,Bantamweight,Steve Erceg,12
2026-04-01,Bantamweight,Charles Johnson,13
2026-04-01,Bantamweight,Tagir Ulanbekov,14
2026-04-01,Bantamweight,Bruno Silva,15
2026-04-01,Featherweight,Petr Yan,0
2026-04-01,Featherweight,Merab Dvalishvili,1
2026-04-01,Featherweight,Umar Nurmagomedov,2
2026-04-01,Featherweight,Sean O'Malley,2
2026-04-01,Featherweight,Cory Sandhagen,4
2026-04-01,Featherweight,Song Yadong,5
2026-04-01,Featherweight,Aiemann Zahabi,6
2026-04-01,Featherweight,Deiveson Figueiredo,7
2026-04-01,Featherweight,Mario Bautista,8
2026-04-01,Featherweight,David Martinez,9
2026-04-01,Featherweight,Marlon Vera,10
2026-04-01,Featherweight,Payton Talbott,11
2026-04-01,Featherweight,Vinicius Oliveira,12
2026-04-01,Featherweight,Raul Rosas Jr.,13
2026-04-01,Featherweight,Montel Jackson,14
2026-04-01,Featherweight,Farid Basharat,15
2026-04-01,Lightweight,Alexander Volkanovski,0
2026-04-01,Lightweight,Movsar Evloev,1
2026-04-01,Lightweight,Diego Lopes,2
2026-04-01,Lightweight,Lerone Murphy,3
2026-04-01,Lightweight,Yair Rodriguez,4
2026-04-01,Lightweight,Aljamain Sterling,5
2026-04-01,Lightweight,Jean Silva,6
2026-04-01,Lightweight,Youssef Zalal,7
2026-04-01,Lightweight,Arnold Allen,8
2026-04-01,Lightweight,Steve Garcia,9
2026-04-01,Lightweight,Kevin Vallejos,10
2026-04-01,Lightweight,Brian Ortega,11
2026-04-01,Lightweight,Melquizael Costa,12
2026-04-01,Lightweight,Patricio Pitbull,13
2026-04-01,Lightweight,David Onama,14
2026-04-01,Lightweight,Josh Emmett,15
2026-04-01,Welterweight,Ilia Topuria,0
2026-04-01,Welterweight,Justin Gaethje,1
2026-04-01,Welterweight,Arman Tsarukyan,2
2026-04-01,Welterweight,Charles Oliveira,3
2026-04-01,Welterweight,Max Holloway,4
2026-04-01,Welterweight,Benoît Saint Denis,5
2026-04-01,Welterweight,Paddy Pimblett,6
2026-04-01,Welterweight,Dan Hooker,7
2026-04-01,Welterweight,Mateusz Gamrot,8
2026-04-01,Welterweight,Mauricio Ruffy,9
2026-04-01,Welterweight,Renato Moicano,10
2026-04-01,Welterweight,Rafael Fiziev,10
2026-04-01,Welterweight,Beneil Dariush,12
2026-04-01,Welterweight,Michael Chandler,13
2026-04-01,Welterweight,Manuel Torres,14
2026-04-01,Welterweight,Farès Ziam,15
2026-04-01,Middleweight,Islam Makhachev,0
2026-04-01,Middleweight,Jack Della Maddalena,1
2026-04-01,Middleweight,Ian Machado Garry,2
2026-04-01,Middleweight,Michael Morales,3
2026-04-01,Middleweight,Belal Muhammad,4
2026-04-01,Middleweight,Carlos Prates,5
2026-04-01,Middleweight,Sean Brady,6
2026-04-01,Middleweight,Kamaru Usman,7
2026-04-01,Middleweight,Leon Edwards,8
2026-04-01,Middleweight,Joaquin Buckley,9
2026-04-01,Middleweight,Gabriel Bonfim,10
2026-04-01,Middleweight,Gilbert Burns,11
2026-04-01,Middleweight,Michael Venom Page,12
2026-04-01,Middleweight,Uroš Medić,13
2026-04-01,Middleweight,Daniel Rodriguez,14
2026-04-01,Middleweight,Colby Covington,15
2026-04-01,Light Heavyweight,Khamzat Chimaev,0
2026-04-01,Light Heavyweight,Dricus Du Plessis,1
2026-04-01,Light Heavyweight,Nassourdine Imavov,2
2026-04-01,Light Heavyweight,Sean Strickland,3
2026-04-01,Light Heavyweight,Brendan Allen,4
2026-04-01,Light Heavyweight,Caio Borralho,5
2026-04-01,Light Heavyweight,Anthony Hernandez,6
2026-04-01,Light Heavyweight,Joe Pyfer,6
2026-04-01,Light Heavyweight,Reinier de Ridder,8
2026-04-01,Light Heavyweight,Israel Adesanya,9
2026-04-01,Light Heavyweight,Robert Whittaker,10
2026-04-01,Light Heavyweight,Jared Cannonier,11
2026-04-01,Light Heavyweight,Gregory Rodrigues,12
2026-04-01,Light Heavyweight,Christian Leroy Duncan,13
2026-04-01,Light Heavyweight,Paulo Costa,14
2026-04-01,Light Heavyweight,Roman Dolidze,15
2026-04-01,Heavyweight,Alex Pereira,0
2026-04-01,Heavyweight,Magomed Ankalaev,1
2026-04-01,Heavyweight,Jiří Procházka,2
2026-04-01,Heavyweight,Carlos Ulberg,3
2026-04-01,Heavyweight,Khalil Rountree Jr.,4
2026-04-01,Heavyweight,Jan Błachowicz,5
2026-04-01,Heavyweight,Azamat Murzakanov,6
2026-04-01,Heavyweight,Jamahal Hill,7
2026-04-01,Heavyweight,Bogdan Guskov,8
2026-04-01,Heavyweight,Volkan Oezdemir,9
2026-04-01,Heavyweight,Dominick Reyes,10
2026-04-01,Heavyweight,Aleksandar Rakić,11
2026-04-01,Heavyweight,Johnny Walker,12
2026-04-01,Heavyweight,Nikita Krylov,13
2026-04-01,Heavyweight,Dustin Jacoby,14
2026-04-01,Heavyweight,Zhang Mingyang,15
2026-04-01,Women's Strawweight,Tom Aspinall,0
2026-04-01,Women's Strawweight,Ciryl Gane,1
2026-04-01,Women's Strawweight,Alexander Volkov,2
2026-04-01,Women's Strawweight,Sergei Pavlovich,3
2026-04-01,Women's Strawweight,Waldo Cortes Acosta,4
2026-04-01,Women's Strawweight,Curtis Blaydes,5
2026-04-01,Women's Strawweight,Serghei Spivac,6
2026-04-01,Women's Strawweight,Rizvan Kuniev,7
2026-04-01,Women's Strawweight,Derrick Lewis,8
2026-04-01,Women's Strawweight,Ante Delija,9
2026-04-01,Women's Strawweight,Tyrell Fortune,10
2026-04-01,Women's Strawweight,Marcin Tybura,11
2026-04-01,Women's Strawweight,Tallison Teixeira,12
2026-04-01,Women's Strawweight,Shamil Gaziev,13
2026-04-01,Women's Strawweight,Mick Parkin,14
2026-04-01,Women's Strawweight,Valter Walker,15
2026-04-01,Women's Flyweight,Valentina Shevchenko,0
2026-04-01,Women's Flyweight,Valentina Shevchenko,1
2026-04-01,Women's Flyweight,Kayla Harrison,2
2026-04-01,Women's Flyweight,Zhang Weili,3
2026-04-01,Women's Flyweight,Natalia Silva,4
2026-04-01,Women's Flyweight,Manon Fiorot,5
2026-04-01,Women's Flyweight,Mackenzie Dern,6
2026-04-01,Women's Flyweight,Alexa Grasso,7
2026-04-01,Women's Flyweight,Erin Blanchfield,8
2026-04-01,Women's Flyweight,Julianna Peña,9
2026-04-01,Women's Flyweight,Tatiana Suarez,10
2026-04-01,Women's Flyweight,Virna Jandiroba,11
2026-04-01,Women's Flyweight,Raquel Pennington,12
2026-04-01,Women's Flyweight,Yan Xiaonan,13
2026-04-01,Women's Flyweight,Rose Namajunas,14
2026-04-01,Women's Flyweight,Norma Dumont,15
2026-04-01,Women's Bantamweight,Mackenzie Dern,0
2026-04-01,Women's Bantamweight,Zhang Weili,1
2026-04-01,Women's Bantamweight,Tatiana Suarez,2
2026-04-01,Women's Bantamweight,Virna Jandiroba,3
2026-04-01,Women's Bantamweight,Yan Xiaonan,4
2026-04-01,Women's Bantamweight,Gillian Robertson,5
2026-04-01,Women's Bantamweight,Loopy Godinez,6
2026-04-01,Women's Bantamweight,Tabatha Ricci,7
2026-04-01,Women's Bantamweight,Amanda Lemos,8
2026-04-01,Women's Bantamweight,Jéssica Andrade,9
2026-04-01,Women's Bantamweight,Amanda Ribas,10
2026-04-01,Women's Bantamweight,Fatima Kline,11
2026-04-01,Women's Bantamweight,Denise Gomes,12
2026-04-01,Women's Bantamweight,Alexia Thainara,13
2026-04-01,Women's Bantamweight,Angela Hill,14
2026-04-01,Women's Bantamweight,Mizuki,15
2026-04-01,Women's Featherweight,Valentina Shevchenko,0
2026-04-01,Women's Featherweight,Natalia Silva,1
2026-04-01,Women's Featherweight,Manon Fiorot,2
2026-04-01,Women's Featherweight,Alexa Grasso,3
2026-04-01,Women's Featherweight,Erin Blanchfield,4
2026-04-01,Women's Featherweight,Maycee Barber,5
2026-04-01,Women's Featherweight,Rose Namajunas,6
2026-04-01,Women's Featherweight,Jasmine Jasudavicius,7
2026-04-01,Women's Featherweight,Tracy Cortez,8
2026-04-01,Women's Featherweight,Karine Silva,9
2026-04-01,Women's Featherweight,Miranda Maverick,9
2026-04-01,Women's Featherweight,Casey O'Neill,11
2026-04-01,Women's Featherweight,Wang Cong,12
2026-04-01,Women's Featherweight,Eduarda Moura,13
2026-04-01,Women's Featherweight,JJ Aldrich,14
2026-04-01,Women's Featherweight,Gabriella Fernandes,15
2026-04-01,Pound-for-Pound,Kayla Harrison,0
2026-04-01,Pound-for-Pound,Julianna Peña,1
2026-04-01,Pound-for-Pound,Raquel Pennington,2
2026-04-01,Pound-for-Pound,Norma Dumont,3
2026-04-01,Pound-for-Pound,Ketlen Vieira,4
2026-04-01,Pound-for-Pound,Yana Santos,5
2026-04-01,Pound-for-Pound,Irene Aldana,6
2026-04-01,Pound-for-Pound,Ailin Perez,6
2026-04-01,Pound-for-Pound,Karol Rosa,8
2026-04-01,Pound-for-Pound,Macy Chiasson,9
2026-04-01,Pound-for-Pound,Jacqueline Cavalcanti,10
2026-04-01,Pound-for-Pound,Joselyne Edwards,11
2026-04-01,Pound-for-Pound,Mayra Bueno Silva,12
2026-04-01,Pound-for-Pound,Nora Cornolle,13
2026-04-01,Pound-for-Pound,Luana Santos,14
2026-04-01,Pound-for-Pound,Miesha Tate,15
2026-04-08,Flyweight,Islam Makhachev,0
2026-04-08,Flyweight,Islam Makhachev,1
2026-04-08,Flyweight,Ilia Topuria,2
2026-04-08,Flyweight,Khamzat Chimaev,3
2026-04-08,Flyweight,Alexander Volkanovski,4
2026-04-08,Flyweight,Alex Pereira,5
2026-04-08,Flyweight,Petr Yan,6
2026-04-08,Flyweight,Tom Aspinall,7
2026-04-08,Flyweight,Merab Dvalishvili,8
2026-04-08,Flyweight,Alexandre Pantoja,9
2026-04-08,Flyweight,Joshua Van,10
2026-04-08,Flyweight,Charles Oliveira,11
2026-04-08,Flyweight,Dricus Du Plessis,12
2026-04-08,Flyweight,Jack Della Maddalena,13
2026-04-08,Flyweight,Magomed Ankalaev,14
2026-04-08,Flyweight,Arman Tsarukyan,15
2026-04-08,Bantamweight,Joshua Van,0
2026-04-08,Bantamweight,Alexandre Pantoja,1
2026-04-08,Bantamweight,Manel Kape,2
2026-04-08,Bantamweight,Tatsuro Taira,3
2026-04-08,Bantamweight,Brandon Royval,4
2026-04-08,Bantamweight,Kyoji Horiguchi,5
2026-04-08,Bantamweight,Lone’er Kavanagh,6
2026-04-08,Bantamweight,Amir Albazi,7
2026-04-08,Bantamweight,Asu Almabayev,8
2026-04-08,Bantamweight,Brandon Moreno,9
2026-04-08,Bantamweight,Alex Perez,10
2026-04-08,Bantamweight,Tim Elliott,11
2026-04-08,Bantamweight,Steve Erceg,12
2026-04-08,Bantamweight,Charles Johnson,13
2026-04-08,Bantamweight,Tagir Ulanbekov,14
2026-04-08,Bantamweight,Bruno Silva,15
2026-04-08,Featherweight,Petr Yan,0
2026-04-08,Featherweight,Merab Dvalishvili,1
2026-04-08,Featherweight,Umar Nurmagomedov,2
2026-04-08,Featherweight,Sean O'Malley,2
2026-04-08,Featherweight,Cory Sandhagen,4
2026-04-08,Featherweight,Song Yadong,5
2026-04-08,Featherweight,Aiemann Zahabi,6
2026-04-08,Featherweight,Deiveson Figueiredo,7
2026-04-08,Featherweight,Mario Bautista,8
2026-04-08,Featherweight,David Martinez,9
2026-04-08,Featherweight,Marlon Vera,10
2026-04-08,Featherweight,Payton Talbott,11
2026-04-08,Featherweight,Vinicius Oliveira,12
2026-04-08,Featherweight,Raul Rosas Jr.,13
2026-04-08,Featherweight,Montel Jackson,14
2026-04-08,Featherweight,Farid Basharat,15
2026-04-08,Lightweight,Alexander Volkanovski,0
2026-04-08,Lightweight,Movsar Evloev,1
2026-04-08,Lightweight,Diego Lopes,2
2026-04-08,Lightweight,Lerone Murphy,3
2026-04-08,Lightweight,Yair Rodriguez,4
2026-04-08,Lightweight,Aljamain Sterling,5
2026-04-08,Lightweight,Jean Silva,6
2026-04-08,Lightweight,Youssef Zalal,7
2026-04-08,Lightweight,Arnold Allen,8
2026-04-08,Lightweight,Steve Garcia,9
2026-04-08,Lightweight,Kevin Vallejos,10
2026-04-08,Lightweight,Brian Ortega,11
2026-04-08,Lightweight,Melquizael Costa,12
2026-04-08,Lightweight,Patricio Pitbull,13
2026-04-08,Lightweight,David Onama,14
2026-04-08,Lightweight,Josh Emmett,15
2026-04-08,Welterweight,Ilia Topuria,0
2026-04-08,Welterweight,Justin Gaethje,1
2026-04-08,Welterweight,Arman Tsarukyan,2
2026-04-08,Welterweight,Charles Oliveira,3
2026-04-08,Welterweight,Max Holloway,4
2026-04-08,Welterweight,Benoît Saint Denis,5
2026-04-08,Welterweight,Paddy Pimblett,6
2026-04-08,Welterweight,Dan Hooker,7
2026-04-08,Welterweight,Mateusz Gamrot,8
2026-04-08,Welterweight,Renato Moicano,9
2026-04-08,Welterweight,Mauricio Ruffy,10
2026-04-08,Welterweight,Rafael Fiziev,11
2026-04-08,Welterweight,Beneil Dariush,12
2026-04-08,Welterweight,Michael Chandler,13
2026-04-08,Welterweight,Manuel Torres,14
2026-04-08,Welterweight,Farès Ziam,15
2026-04-08,Middleweight,Islam Makhachev,0
2026-04-08,Middleweight,Jack Della Maddalena,1
2026-04-08,Middleweight,Ian Machado Garry,2
2026-04-08,Middleweight,Michael Morales,3
2026-04-08,Middleweight,Belal Muhammad,4
2026-04-08,Middleweight,Carlos Prates,5
2026-04-08,Middleweight,Sean Brady,6
2026-04-08,Middleweight,Kamaru Usman,7
2026-04-08,Middleweight,Leon Edwards,8
2026-04-08,Middleweight,Joaquin Buckley,9
2026-04-08,Middleweight,Gabriel Bonfim,10
2026-04-08,Middleweight,Gilbert Burns,11
2026-04-08,Middleweight,Michael Venom Page,12
2026-04-08,Middleweight,Uroš Medić,13
2026-04-08,Middleweight,Daniel Rodriguez,14
2026-04-08,Middleweight,Colby Covington,15
2026-04-08,Light Heavyweight,Khamzat Chimaev,0
2026-04-08,Light Heavyweight,Dricus Du Plessis,1
2026-04-08,Light Heavyweight,Nassourdine Imavov,2
2026-04-08,Light Heavyweight,Sean Strickland,3
2026-04-08,Light Heavyweight,Brendan Allen,4
2026-04-08,Light Heavyweight,Caio Borralho,5
2026-04-08,Light Heavyweight,Joe Pyfer,6
2026-04-08,Light Heavyweight,Anthony Hernandez,7
2026-04-08,Light Heavyweight,Reinier de Ridder,8
2026-04-08,Light Heavyweight,Israel Adesanya,9
2026-04-08,Light Heavyweight,Robert Whittaker,10
2026-04-08,Light Heavyweight,Jared Cannonier,11
2026-04-08,Light Heavyweight,Gregory Rodrigues,12
2026-04-08,Light Heavyweight,Christian Leroy Duncan,13
2026-04-08,Light Heavyweight,Paulo Costa,14
2026-04-08,Light Heavyweight,Roman Dolidze,15
2026-04-08,Heavyweight,Alex Pereira,0
2026-04-08,Heavyweight,Magomed Ankalaev,1
2026-04-08,Heavyweight,Jiří Procházka,2
2026-04-08,Heavyweight,Carlos Ulberg,3
2026-04-08,Heavyweight,Khalil Rountree Jr.,4
2026-04-08,Heavyweight,Jan Błachowicz,5
2026-04-08,Heavyweight,Azamat Murzakanov,6
2026-04-08,Heavyweight,Jamahal Hill,7
2026-04-08,Heavyweight,Bogdan Guskov,8
2026-04-08,Heavyweight,Volkan Oezdemir,9
2026-04-08,Heavyweight,Dominick Reyes,10
2026-04-08,Heavyweight,Aleksandar Rakić,11
2026-04-08,Heavyweight,Johnny Walker,12
2026-04-08,Heavyweight,Nikita Krylov,13
2026-04-08,Heavyweight,Dustin Jacoby,14
2026-04-08,Heavyweight,Zhang Mingyang,15
2026-04-08,Women's Strawweight,Tom Aspinall,0
2026-04-08,Women's Strawweight,Ciryl Gane,1
2026-04-08,Women's Strawweight,Alexander Volkov,2
2026-04-08,Women's Strawweight,Sergei Pavlovich,3
2026-04-08,Women's Strawweight,Waldo Cortes Acosta,4
2026-04-08,Women's Strawweight,Curtis Blaydes,5
2026-04-08,Women's Strawweight,Serghei Spivac,6
2026-04-08,Women's Strawweight,Rizvan Kuniev,7
2026-04-08,Women's Strawweight,Derrick Lewis,8
2026-04-08,Women's Strawweight,Ante Delija,9
2026-04-08,Women's Strawweight,Tyrell Fortune,10
2026-04-08,Women's Strawweight,Marcin Tybura,11
2026-04-08,Women's Strawweight,Tallison Teixeira,12
2026-04-08,Women's Strawweight,Shamil Gaziev,13
2026-04-08,Women's Strawweight,Mick Parkin,14
2026-04-08,Women's Strawweight,Valter Walker,15
2026-04-08,Women's Flyweight,Valentina Shevchenko,0
2026-04-08,Women's Flyweight,Valentina Shevchenko,1
2026-04-08,Women's Flyweight,Kayla Harrison,2
2026-04-08,Women's Flyweight,Zhang Weili,3
2026-04-08,Women's Flyweight,Natalia Silva,4
2026-04-08,Women's Flyweight,Manon Fiorot,5
2026-04-08,Women's Flyweight,Mackenzie Dern,6
2026-04-08,Women's Flyweight,Alexa Grasso,7
2026-04-08,Women's Flyweight,Erin Blanchfield,8
2026-04-08,Women's Flyweight,Julianna Peña,9
2026-04-08,Women's Flyweight,Tatiana Suarez,10
2026-04-08,Women's Flyweight,Virna Jandiroba,11
2026-04-08,Women's Flyweight,Raquel Pennington,12
2026-04-08,Women's Flyweight,Yan Xiaonan,13
2026-04-08,Women's Flyweight,Rose Namajunas,14
2026-04-08,Women's Flyweight,Norma Dumont,15
2026-04-08,Women's Bantamweight,Mackenzie Dern,0
2026-04-08,Women's Bantamweight,Zhang Weili,1
2026-04-08,Women's Bantamweight,Tatiana Suarez,2
2026-04-08,Women's Bantamweight,Virna Jandiroba,3
2026-04-08,Women's Bantamweight,Yan Xiaonan,4
2026-04-08,Women's Bantamweight,Gillian Robertson,5
2026-04-08,Women's Bantamweight,Loopy Godinez,6
2026-04-08,Women's Bantamweight,Amanda Lemos,7
2026-04-08,Women's Bantamweight,Tabatha Ricci,8
2026-04-08,Women's Bantamweight,Jéssica Andrade,9
2026-04-08,Women's Bantamweight,Amanda Ribas,10
2026-04-08,Women's Bantamweight,Fatima Kline,11
2026-04-08,Women's Bantamweight,Denise Gomes,12
2026-04-08,Women's Bantamweight,Alexia Thainara,13
2026-04-08,Women's Bantamweight,Angela Hill,14
2026-04-08,Women's Bantamweight,Mizuki,15
2026-04-08,Women's Featherweight,Valentina Shevchenko,0
2026-04-08,Women's Featherweight,Natalia Silva,1
2026-04-08,Women's Featherweight,Manon Fiorot,2
2026-04-08,Women's Featherweight,Alexa Grasso,3
2026-04-08,Women's Featherweight,Erin Blanchfield,4
2026-04-08,Women's Featherweight,Maycee Barber,5
2026-04-08,Women's Featherweight,Rose Namajunas,6
2026-04-08,Women's Featherweight,Jasmine Jasudavicius,7
2026-04-08,Women's Featherweight,Tracy Cortez,8
2026-04-08,Women's Featherweight,Karine Silva,9
2026-04-08,Women's Featherweight,Miranda Maverick,10
2026-04-08,Women's Featherweight,Casey O'Neill,11
2026-04-08,Women's Featherweight,Wang Cong,12
2026-04-08,Women's Featherweight,Eduarda Moura,13
2026-04-08,Women's Featherweight,JJ Aldrich,14
2026-04-08,Women's Featherweight,Gabriella Fernandes,15
2026-04-08,Pound-for-Pound,Kayla Harrison,0
2026-04-08,Pound-for-Pound,Julianna Peña,1
2026-04-08,Pound-for-Pound,Raquel Pennington,2
2026-04-08,Pound-for-Pound,Norma Dumont,3
2026-04-08,Pound-for-Pound,Ketlen Vieira,4
2026-04-08,Pound-for-Pound,Yana Santos,5
2026-04-08,Pound-for-Pound,Ailin Perez,6
2026-04-08,Pound-for-Pound,Irene Aldana,6
2026-04-08,Pound-for-Pound,Karol Rosa,8
2026-04-08,Pound-for-Pound,Macy Chiasson,9
2026-04-08,Pound-for-Pound,Jacqueline Cavalcanti,10
2026-04-08,Pound-for-Pound,Joselyne Edwards,11
2026-04-08,Pound-for-Pound,Mayra Bueno Silva,12
2026-04-08,Pound-for-Pound,Nora Cornolle,13
2026-04-08,Pound-for-Pound,Luana Santos,14
2026-04-08,Pound-for-Pound,Bia Mesquita,15
2026-04-15,Flyweight,Islam Makhachev,0
2026-04-15,Flyweight,Islam Makhachev,1
2026-04-15,Flyweight,Ilia Topuria,2
2026-04-15,Flyweight,Khamzat Chimaev,3
2026-04-15,Flyweight,Alexander Volkanovski,4
2026-04-15,Flyweight,Alex Pereira,5
2026-04-15,Flyweight,Petr Yan,6
2026-04-15,Flyweight,Tom Aspinall,7
2026-04-15,Flyweight,Merab Dvalishvili,8
2026-04-15,Flyweight,Alexandre Pantoja,9
2026-04-15,Flyweight,Joshua Van,10
2026-04-15,Flyweight,Charles Oliveira,11
2026-04-15,Flyweight,Dricus Du Plessis,12
2026-04-15,Flyweight,Arman Tsarukyan,13
2026-04-15,Flyweight,Magomed Ankalaev,14
2026-04-15,Flyweight,Carlos Ulberg,15
2026-04-15,Bantamweight,Joshua Van,0
2026-04-15,Bantamweight,Alexandre Pantoja,1
2026-04-15,Bantamweight,Manel Kape,2
2026-04-15,Bantamweight,Tatsuro Taira,3
2026-04-15,Bantamweight,Brandon Royval,4
2026-04-15,Bantamweight,Kyoji Horiguchi,5
2026-04-15,Bantamweight,Lone’er Kavanagh,6
2026-04-15,Bantamweight,Amir Albazi,7
2026-04-15,Bantamweight,Asu Almabayev,8
2026-04-15,Bantamweight,Brandon Moreno,9
2026-04-15,Bantamweight,Alex Perez,10
2026-04-15,Bantamweight,Tim Elliott,11
2026-04-15,Bantamweight,Steve Erceg,12
2026-04-15,Bantamweight,Charles Johnson,13
2026-04-15,Bantamweight,Tagir Ulanbekov,14
2026-04-15,Bantamweight,Bruno Silva,15
2026-04-15,Featherweight,Petr Yan,0
2026-04-15,Featherweight,Merab Dvalishvili,1
2026-04-15,Featherweight,Umar Nurmagomedov,2
2026-04-15,Featherweight,Sean O'Malley,2
2026-04-15,Featherweight,Cory Sandhagen,4
2026-04-15,Featherweight,Song Yadong,5
2026-04-15,Featherweight,Aiemann Zahabi,6
2026-04-15,Featherweight,Deiveson Figueiredo,7
2026-04-15,Featherweight,Mario Bautista,8
2026-04-15,Featherweight,David Martinez,9
2026-04-15,Featherweight,Marlon Vera,10
2026-04-15,Featherweight,Payton Talbott,11
2026-04-15,Featherweight,Vinicius Oliveira,12
2026-04-15,Featherweight,Raul Rosas Jr.,13
2026-04-15,Featherweight,Montel Jackson,14
2026-04-15,Featherweight,Farid Basharat,15
2026-04-15,Lightweight,Alexander Volkanovski,0
2026-04-15,Lightweight,Movsar Evloev,1
2026-04-15,Lightweight,Diego Lopes,2
2026-04-15,Lightweight,Lerone Murphy,3
2026-04-15,Lightweight,Yair Rodriguez,4
2026-04-15,Lightweight,Aljamain Sterling,5
2026-04-15,Lightweight,Jean Silva,6
2026-04-15,Lightweight,Youssef Zalal,7
2026-04-15,Lightweight,Arnold Allen,8
2026-04-15,Lightweight,Steve Garcia,9
2026-04-15,Lightweight,Kevin Vallejos,10
2026-04-15,Lightweight,Brian Ortega,11
2026-04-15,Lightweight,Melquizael Costa,12
2026-04-15,Lightweight,Aaron Pico,13
2026-04-15,Lightweight,David Onama,14
2026-04-15,Lightweight,Patricio Pitbull,15
2026-04-15,Welterweight,Ilia Topuria,0
2026-04-15,Welterweight,Justin Gaethje,1
2026-04-15,Welterweight,Arman Tsarukyan,2
2026-04-15,Welterweight,Charles Oliveira,3
2026-04-15,Welterweight,Max Holloway,4
2026-04-15,Welterweight,Benoît Saint Denis,5
2026-04-15,Welterweight,Paddy Pimblett,6
2026-04-15,Welterweight,Mateusz Gamrot,7
2026-04-15,Welterweight,Dan Hooker,8
2026-04-15,Welterweight,Renato Moicano,9
2026-04-15,Welterweight,Mauricio Ruffy,10
2026-04-15,Welterweight,Rafael Fiziev,11
2026-04-15,Welterweight,Beneil Dariush,12
2026-04-15,Welterweight,Michael Chandler,13
2026-04-15,Welterweight,Manuel Torres,14
2026-04-15,Welterweight,Farès Ziam,15
2026-04-15,Middleweight,Islam Makhachev,0
2026-04-15,Middleweight,Jack Della Maddalena,1
2026-04-15,Middleweight,Ian Machado Garry,2
2026-04-15,Middleweight,Michael Morales,3
2026-04-15,Middleweight,Belal Muhammad,4
2026-04-15,Middleweight,Carlos Prates,5
2026-04-15,Middleweight,Sean Brady,6
2026-04-15,Middleweight,Kamaru Usman,7
2026-04-15,Middleweight,Leon Edwards,8
2026-04-15,Middleweight,Joaquin Buckley,9
2026-04-15,Middleweight,Gabriel Bonfim,10
2026-04-15,Middleweight,Gilbert Burns,11
2026-04-15,Middleweight,Michael Venom Page,12
2026-04-15,Middleweight,Uroš Medić,13
2026-04-15,Middleweight,Daniel Rodriguez,14
2026-04-15,Middleweight,Colby Covington,15
2026-04-15,Light Heavyweight,Khamzat Chimaev,0
2026-04-15,Light Heavyweight,Dricus Du Plessis,1
2026-04-15,Light Heavyweight,Nassourdine Imavov,2
2026-04-15,Light Heavyweight,Sean Strickland,3
2026-04-15,Light Heavyweight,Brendan Allen,4
2026-04-15,Light Heavyweight,Caio Borralho,5
2026-04-15,Light Heavyweight,Joe Pyfer,6
2026-04-15,Light Heavyweight,Anthony Hernandez,7
2026-04-15,Light Heavyweight,Reinier de Ridder,8
2026-04-15,Light Heavyweight,Israel Adesanya,9
2026-04-15,Light Heavyweight,Robert Whittaker,10
2026-04-15,Light Heavyweight,Jared Cannonier,11
2026-04-15,Light Heavyweight,Gregory Rodrigues,12
2026-04-15,Light Heavyweight,Christian Leroy Duncan,13
2026-04-15,Light Heavyweight,Roman Dolidze,14
2026-04-15,Light Heavyweight,Paulo Costa,15
2026-04-15,Heavyweight,Carlos Ulberg,0
2026-04-15,Heavyweight,Magomed Ankalaev,1
2026-04-15,Heavyweight,Alex Pereira,2
2026-04-15,Heavyweight,Jiří Procházka,3
2026-04-15,Heavyweight,Jan Błachowicz,4
2026-04-15,Heavyweight,Khalil Rountree Jr.,5
2026-04-15,Heavyweight,Jamahal Hill,6
2026-04-15,Heavyweight,Paulo Costa,7
2026-04-15,Heavyweight,Azamat Murzakanov,8
2026-04-15,Heavyweight,Dominick Reyes,9
2026-04-15,Heavyweight,Bogdan Guskov,10
2026-04-15,Heavyweight,Volkan Oezdemir,11
2026-04-15,Heavyweight,Aleksandar Rakić,12
2026-04-15,Heavyweight,Nikita Krylov,13
2026-04-15,Heavyweight,Johnny Walker,13
2026-04-15,Heavyweight,Alonzo Menifield,15
2026-04-15,Women's Strawweight,Tom Aspinall,0
2026-04-15,Women's Strawweight,Ciryl Gane,1
2026-04-15,Women's Strawweight,Alexander Volkov,2
2026-04-15,Women's Strawweight,Sergei Pavlovich,3
2026-04-15,Women's Strawweight,Waldo Cortes Acosta,4
2026-04-15,Women's Strawweight,Josh Hokit,5
2026-04-15,Women's Strawweight,Serghei Spivac,6
2026-04-15,Women's Strawweight,Curtis Blaydes,6
2026-04-15,Women's Strawweight,Rizvan Kuniev,8
2026-04-15,Women's Strawweight,Derrick Lewis,9
2026-04-15,Women's Strawweight,Ante Delija,10
2026-04-15,Women's Strawweight,Tyrell Fortune,11
2026-04-15,Women's Strawweight,Marcin Tybura,12
2026-04-15,Women's Strawweight,Tallison Teixeira,13
2026-04-15,Women's Strawweight,Mick Parkin,14
2026-04-15,Women's Strawweight,Shamil Gaziev,15
2026-04-15,Women's Flyweight,Valentina Shevchenko,0
2026-04-15,Women's Flyweight,Valentina Shevchenko,1
2026-04-15,Women's Flyweight,Kayla Harrison,2
2026-04-15,Women's Flyweight,Zhang Weili,3
2026-04-15,Women's Flyweight,Natalia Silva,4
2026-04-15,Women's Flyweight,Manon Fiorot,5
2026-04-15,Women's Flyweight,Mackenzie Dern,6
2026-04-15,Women's Flyweight,Alexa Grasso,7
2026-04-15,Women's Flyweight,Erin Blanchfield,8
2026-04-15,Women's Flyweight,Julianna Peña,9
2026-04-15,Women's Flyweight,Tatiana Suarez,10
2026-04-15,Women's Flyweight,Virna Jandiroba,11
2026-04-15,Women's Flyweight,Raquel Pennington,12
2026-04-15,Women's Flyweight,Yan Xiaonan,13
2026-04-15,Women's Flyweight,Rose Namajunas,14
2026-04-15,Women's Flyweight,Norma Dumont,15
2026-04-15,Women's Bantamweight,Mackenzie Dern,0
2026-04-15,Women's Bantamweight,Zhang Weili,1
2026-04-15,Women's Bantamweight,Tatiana Suarez,2
2026-04-15,Women's Bantamweight,Virna Jandiroba,3
2026-04-15,Women's Bantamweight,Yan Xiaonan,4
2026-04-15,Women's Bantamweight,Gillian Robertson,5
2026-04-15,Women's Bantamweight,Loopy Godinez,6
2026-04-15,Women's Bantamweight,Amanda Lemos,7
2026-04-15,Women's Bantamweight,Tabatha Ricci,7
2026-04-15,Women's Bantamweight,Jéssica Andrade,9
2026-04-15,Women's Bantamweight,Amanda Ribas,10
2026-04-15,Women's Bantamweight,Fatima Kline,11
2026-04-15,Women's Bantamweight,Denise Gomes,12
2026-04-15,Women's Bantamweight,Alexia Thainara,13
2026-04-15,Women's Bantamweight,Angela Hill,14
2026-04-15,Women's Bantamweight,Mizuki,15
2026-04-15,Women's Featherweight,Valentina Shevchenko,0
2026-04-15,Women's Featherweight,Natalia Silva,1
2026-04-15,Women's Featherweight,Manon Fiorot,2
2026-04-15,Women's Featherweight,Alexa Grasso,3
2026-04-15,Women's Featherweight,Erin Blanchfield,4
2026-04-15,Women's Featherweight,Maycee Barber,5
2026-04-15,Women's Featherweight,Rose Namajunas,6
2026-04-15,Women's Featherweight,Jasmine Jasudavicius,7
2026-04-15,Women's Featherweight,Tracy Cortez,8
2026-04-15,Women's Featherweight,Karine Silva,9
2026-04-15,Women's Featherweight,Miranda Maverick,10
2026-04-15,Women's Featherweight,Casey O'Neill,11
2026-04-15,Women's Featherweight,Wang Cong,12
2026-04-15,Women's Featherweight,Eduarda Moura,13
2026-04-15,Women's Featherweight,JJ Aldrich,14
2026-04-15,Women's Featherweight,Gabriella Fernandes,15
2026-04-15,Pound-for-Pound,Kayla Harrison,0
2026-04-15,Pound-for-Pound,Julianna Peña,1
2026-04-15,Pound-for-Pound,Raquel Pennington,2
2026-04-15,Pound-for-Pound,Norma Dumont,3
2026-04-15,Pound-for-Pound,Ketlen Vieira,4
2026-04-15,Pound-for-Pound,Yana Santos,5
2026-04-15,Pound-for-Pound,Ailin Perez,6
2026-04-15,Pound-for-Pound,Irene Aldana,6
2026-04-15,Pound-for-Pound,Karol Rosa,8
2026-04-15,Pound-for-Pound,Macy Chiasson,9
2026-04-15,Pound-for-Pound,Jacqueline Cavalcanti,10
2026-04-15,Pound-for-Pound,Joselyne Edwards,11
2026-04-15,Pound-for-Pound,Mayra Bueno Silva,12
2026-04-15,Pound-for-Pound,Nora Cornolle,13
2026-04-15,Pound-for-Pound,Luana Santos,14
2026-04-15,Pound-for-Pound,Bia Mesquita,15
2026-04-22,Flyweight,Islam Makhachev,0
2026-04-22,Flyweight,Islam Makhachev,1
2026-04-22,Flyweight,Ilia Topuria,2
2026-04-22,Flyweight,Khamzat Chimaev,3
2026-04-22,Flyweight,Alexander Volkanovski,4
2026-04-22,Flyweight,Alex Pereira,5
2026-04-22,Flyweight,Petr Yan,6
2026-04-22,Flyweight,Tom Aspinall,7
2026-04-22,Flyweight,Merab Dvalishvili,8
2026-04-22,Flyweight,Alexandre Pantoja,9
2026-04-22,Flyweight,Joshua Van,10
2026-04-22,Flyweight,Charles Oliveira,11
2026-04-22,Flyweight,Dricus Du Plessis,12
2026-04-22,Flyweight,Arman Tsarukyan,13
2026-04-22,Flyweight,Magomed Ankalaev,14
2026-04-22,Flyweight,Carlos Ulberg,15
2026-04-22,Bantamweight,Joshua Van,0
2026-04-22,Bantamweight,Alexandre Pantoja,1
2026-04-22,Bantamweight,Manel Kape,2
2026-04-22,Bantamweight,Tatsuro Taira,3
2026-04-22,Bantamweight,Brandon Royval,4
2026-04-22,Bantamweight,Kyoji Horiguchi,5
2026-04-22,Bantamweight,Lone’er Kavanagh,6
2026-04-22,Bantamweight,Amir Albazi,7
2026-04-22,Bantamweight,Asu Almabayev,8
2026-04-22,Bantamweight,Brandon Moreno,9
2026-04-22,Bantamweight,Alex Perez,10
2026-04-22,Bantamweight,Tim Elliott,11
2026-04-22,Bantamweight,Steve Erceg,12
2026-04-22,Bantamweight,Charles Johnson,13
2026-04-22,Bantamweight,Tagir Ulanbekov,14
2026-04-22,Bantamweight,Bruno Silva,15
2026-04-22,Featherweight,Petr Yan,0
2026-04-22,Featherweight,Merab Dvalishvili,1
2026-04-22,Featherweight,Umar Nurmagomedov,2
2026-04-22,Featherweight,Sean O'Malley,2
2026-04-22,Featherweight,Cory Sandhagen,4
2026-04-22,Featherweight,Song Yadong,5
2026-04-22,Featherweight,Aiemann Zahabi,6
2026-04-22,Featherweight,Deiveson Figueiredo,7
2026-04-22,Featherweight,Mario Bautista,8
2026-04-22,Featherweight,David Martinez,9
2026-04-22,Featherweight,Marlon Vera,10
2026-04-22,Featherweight,Payton Talbott,11
2026-04-22,Featherweight,Vinicius Oliveira,12
2026-04-22,Featherweight,Raul Rosas Jr.,13
2026-04-22,Featherweight,Montel Jackson,14
2026-04-22,Featherweight,Farid Basharat,15
2026-04-22,Lightweight,Alexander Volkanovski,0
2026-04-22,Lightweight,Movsar Evloev,1
2026-04-22,Lightweight,Diego Lopes,2
2026-04-22,Lightweight,Lerone Murphy,3
2026-04-22,Lightweight,Yair Rodriguez,4
2026-04-22,Lightweight,Aljamain Sterling,5
2026-04-22,Lightweight,Jean Silva,6
2026-04-22,Lightweight,Youssef Zalal,7
2026-04-22,Lightweight,Arnold Allen,8
2026-04-22,Lightweight,Steve Garcia,9
2026-04-22,Lightweight,Kevin Vallejos,10
2026-04-22,Lightweight,Brian Ortega,11
2026-04-22,Lightweight,Melquizael Costa,12
2026-04-22,Lightweight,Aaron Pico,13
2026-04-22,Lightweight,David Onama,14
2026-04-22,Lightweight,Patricio Pitbull,15
2026-04-22,Welterweight,Ilia Topuria,0
2026-04-22,Welterweight,Justin Gaethje,1
2026-04-22,Welterweight,Arman Tsarukyan,2
2026-04-22,Welterweight,Charles Oliveira,3
2026-04-22,Welterweight,Max Holloway,4
2026-04-22,Welterweight,Benoît Saint Denis,5
2026-04-22,Welterweight,Paddy Pimblett,6
2026-04-22,Welterweight,Mateusz Gamrot,7
2026-04-22,Welterweight,Dan Hooker,8
2026-04-22,Welterweight,Renato Moicano,9
2026-04-22,Welterweight,Mauricio Ruffy,10
2026-04-22,Welterweight,Rafael Fiziev,11
2026-04-22,Welterweight,Beneil Dariush,12
2026-04-22,Welterweight,Michael Chandler,13
2026-04-22,Welterweight,Manuel Torres,14
2026-04-22,Welterweight,Farès Ziam,15
2026-04-22,Middleweight,Islam Makhachev,0
2026-04-22,Middleweight,Jack Della Maddalena,1
2026-04-22,Middleweight,Ian Machado Garry,2
2026-04-22,Middleweight,Michael Morales,3
2026-04-22,Middleweight,Belal Muhammad,4
2026-04-22,Middleweight,Carlos Prates,5
2026-04-22,Middleweight,Sean Brady,6
2026-04-22,Middleweight,Kamaru Usman,7
2026-04-22,Middleweight,Leon Edwards,8
2026-04-22,Middleweight,Joaquin Buckley,9
2026-04-22,Middleweight,Gabriel Bonfim,10
2026-04-22,Middleweight,Mike Malott,11
2026-04-22,Middleweight,Michael Venom Page,12
2026-04-22,Middleweight,Uroš Medić,13
2026-04-22,Middleweight,Daniel Rodriguez,14
2026-04-22,Middleweight,Yaroslav Amosov,15
2026-04-22,Light Heavyweight,Khamzat Chimaev,0
2026-04-22,Light Heavyweight,Dricus Du Plessis,1
2026-04-22,Light Heavyweight,Nassourdine Imavov,2
2026-04-22,Light Heavyweight,Sean Strickland,3
2026-04-22,Light Heavyweight,Brendan Allen,4
2026-04-22,Light Heavyweight,Caio Borralho,5
2026-04-22,Light Heavyweight,Joe Pyfer,6
2026-04-22,Light Heavyweight,Anthony Hernandez,7
2026-04-22,Light Heavyweight,Reinier de Ridder,8
2026-04-22,Light Heavyweight,Israel Adesanya,9
2026-04-22,Light Heavyweight,Robert Whittaker,10
2026-04-22,Light Heavyweight,Jared Cannonier,11
2026-04-22,Light Heavyweight,Gregory Rodrigues,12
2026-04-22,Light Heavyweight,Christian Leroy Duncan,13
2026-04-22,Light Heavyweight,Roman Dolidze,14
2026-04-22,Light Heavyweight,Paulo Costa,15
2026-04-22,Heavyweight,Carlos Ulberg,0
2026-04-22,Heavyweight,Magomed Ankalaev,1
2026-04-22,Heavyweight,Alex Pereira,2
2026-04-22,Heavyweight,Jiří Procházka,3
2026-04-22,Heavyweight,Jan Błachowicz,4
2026-04-22,Heavyweight,Khalil Rountree Jr.,5
2026-04-22,Heavyweight,Jamahal Hill,6
2026-04-22,Heavyweight,Paulo Costa,7
2026-04-22,Heavyweight,Azamat Murzakanov,8
2026-04-22,Heavyweight,Dominick Reyes,9
2026-04-22,Heavyweight,Bogdan Guskov,10
2026-04-22,Heavyweight,Volkan Oezdemir,11
2026-04-22,Heavyweight,Aleksandar Rakić,12
2026-04-22,Heavyweight,Nikita Krylov,13
2026-04-22,Heavyweight,Johnny Walker,13
2026-04-22,Heavyweight,Alonzo Menifield,15
2026-04-22,Women's Strawweight,Tom Aspinall,0
2026-04-22,Women's Strawweight,Ciryl Gane,1
2026-04-22,Women's Strawweight,Alexander Volkov,2
2026-04-22,Women's Strawweight,Sergei Pavlovich,3
2026-04-22,Women's Strawweight,Waldo Cortes Acosta,4
2026-04-22,Women's Strawweight,Josh Hokit,5
2026-04-22,Women's Strawweight,Serghei Spivac,6
2026-04-22,Women's Strawweight,Curtis Blaydes,6
2026-04-22,Women's Strawweight,Rizvan Kuniev,8
2026-04-22,Women's Strawweight,Derrick Lewis,9
2026-04-22,Women's Strawweight,Ante Delija,10
2026-04-22,Women's Strawweight,Tyrell Fortune,11
2026-04-22,Women's Strawweight,Marcin Tybura,12
2026-04-22,Women's Strawweight,Tallison Teixeira,13
2026-04-22,Women's Strawweight,Mick Parkin,14
2026-04-22,Women's Strawweight,Shamil Gaziev,15
2026-04-22,Women's Flyweight,Valentina Shevchenko,0
2026-04-22,Women's Flyweight,Valentina Shevchenko,1
2026-04-22,Women's Flyweight,Kayla Harrison,2
2026-04-22,Women's Flyweight,Zhang Weili,3
2026-04-22,Women's Flyweight,Natalia Silva,4
2026-04-22,Women's Flyweight,Manon Fiorot,5
2026-04-22,Women's Flyweight,Mackenzie Dern,6
2026-04-22,Women's Flyweight,Alexa Grasso,7
2026-04-22,Women's Flyweight,Erin Blanchfield,8
2026-04-22,Women's Flyweight,Julianna Peña,9
2026-04-22,Women's Flyweight,Tatiana Suarez,10
2026-04-22,Women's Flyweight,Virna Jandiroba,11
2026-04-22,Women's Flyweight,Raquel Pennington,12
2026-04-22,Women's Flyweight,Yan Xiaonan,13
2026-04-22,Women's Flyweight,Rose Namajunas,14
2026-04-22,Women's Flyweight,Norma Dumont,15
2026-04-22,Women's Bantamweight,Mackenzie Dern,0
2026-04-22,Women's Bantamweight,Zhang Weili,1
2026-04-22,Women's Bantamweight,Tatiana Suarez,2
2026-04-22,Women's Bantamweight,Virna Jandiroba,3
2026-04-22,Women's Bantamweight,Yan Xiaonan,4
2026-04-22,Women's Bantamweight,Gillian Robertson,5
2026-04-22,Women's Bantamweight,Loopy Godinez,6
2026-04-22,Women's Bantamweight,Tabatha Ricci,7
2026-04-22,Women's Bantamweight,Amanda Lemos,7
2026-04-22,Women's Bantamweight,Jéssica Andrade,9
2026-04-22,Women's Bantamweight,Amanda Ribas,10
2026-04-22,Women's Bantamweight,Fatima Kline,11
2026-04-22,Women's Bantamweight,Denise Gomes,12
2026-04-22,Women's Bantamweight,Alexia Thainara,13
2026-04-22,Women's Bantamweight,Angela Hill,14
2026-04-22,Women's Bantamweight,Mizuki,15
2026-04-22,Women's Featherweight,Valentina Shevchenko,0
2026-04-22,Women's Featherweight,Natalia Silva,1
2026-04-22,Women's Featherweight,Manon Fiorot,2
2026-04-22,Women's Featherweight,Alexa Grasso,3
2026-04-22,Women's Featherweight,Erin Blanchfield,4
2026-04-22,Women's Featherweight,Maycee Barber,5
2026-04-22,Women's Featherweight,Rose Namajunas,6
2026-04-22,Women's Featherweight,Jasmine Jasudavicius,7
2026-04-22,Women's Featherweight,Tracy Cortez,8
2026-04-22,Women's Featherweight,Miranda Maverick,9
2026-04-22,Women's Featherweight,Karine Silva,10
2026-04-22,Women's Featherweight,Casey O'Neill,11
2026-04-22,Women's Featherweight,Wang Cong,12
2026-04-22,Women's Featherweight,Eduarda Moura,13
2026-04-22,Women's Featherweight,JJ Aldrich,14
2026-04-22,Women's Featherweight,Gabriella Fernandes,15
2026-04-22,Pound-for-Pound,Kayla Harrison,0
2026-04-22,Pound-for-Pound,Julianna Peña,1
2026-04-22,Pound-for-Pound,Raquel Pennington,2
2026-04-22,Pound-for-Pound,Norma Dumont,3
2026-04-22,Pound-for-Pound,Ketlen Vieira,4
2026-04-22,Pound-for-Pound,Yana Santos,5
2026-04-22,Pound-for-Pound,Ailin Perez,6
2026-04-22,Pound-for-Pound,Irene Aldana,6
2026-04-22,Pound-for-Pound,Karol Rosa,8
2026-04-22,Pound-for-Pound,Macy Chiasson,9
2026-04-22,Pound-for-Pound,Jacqueline Cavalcanti,10
2026-04-22,Pound-for-Pound,Joselyne Edwards,11
2026-04-22,Pound-for-Pound,Mayra Bueno Silva,12
2026-04-22,Pound-for-Pound,Nora Cornolle,13
2026-04-22,Pound-for-Pound,Luana Santos,14
2026-04-22,Pound-for-Pound,Bia Mesquita,15
2026-04-29,Flyweight,Islam Makhachev,0
2026-04-29,Flyweight,Islam Makhachev,1
2026-04-29,Flyweight,Ilia Topuria,2
2026-04-29,Flyweight,Khamzat Chimaev,3
2026-04-29,Flyweight,Alexander Volkanovski,4
2026-04-29,Flyweight,Alex Pereira,5
2026-04-29,Flyweight,Petr Yan,6
2026-04-29,Flyweight,Tom Aspinall,7
2026-04-29,Flyweight,Merab Dvalishvili,8
2026-04-29,Flyweight,Alexandre Pantoja,9
2026-04-29,Flyweight,Joshua Van,10
2026-04-29,Flyweight,Charles Oliveira,11
2026-04-29,Flyweight,Dricus Du Plessis,12
2026-04-29,Flyweight,Arman Tsarukyan,13
2026-04-29,Flyweight,Magomed Ankalaev,14
2026-04-29,Flyweight,Carlos Ulberg,15
2026-04-29,Bantamweight,Joshua Van,0
2026-04-29,Bantamweight,Alexandre Pantoja,1
2026-04-29,Bantamweight,Manel Kape,2
2026-04-29,Bantamweight,Tatsuro Taira,3
2026-04-29,Bantamweight,Brandon Royval,4
2026-04-29,Bantamweight,Kyoji Horiguchi,5
2026-04-29,Bantamweight,Lone’er Kavanagh,6
2026-04-29,Bantamweight,Amir Albazi,7
2026-04-29,Bantamweight,Asu Almabayev,8
2026-04-29,Bantamweight,Brandon Moreno,9
2026-04-29,Bantamweight,Alex Perez,10
2026-04-29,Bantamweight,Tim Elliott,11
2026-04-29,Bantamweight,Steve Erceg,12
2026-04-29,Bantamweight,Charles Johnson,13
2026-04-29,Bantamweight,Tagir Ulanbekov,14
2026-04-29,Bantamweight,Bruno Silva,15
2026-04-29,Featherweight,Petr Yan,0
2026-04-29,Featherweight,Merab Dvalishvili,1
2026-04-29,Featherweight,Umar Nurmagomedov,2
2026-04-29,Featherweight,Sean O'Malley,2
2026-04-29,Featherweight,Cory Sandhagen,4
2026-04-29,Featherweight,Song Yadong,5
2026-04-29,Featherweight,Aiemann Zahabi,6
2026-04-29,Featherweight,Deiveson Figueiredo,7
2026-04-29,Featherweight,Mario Bautista,8
2026-04-29,Featherweight,David Martinez,9
2026-04-29,Featherweight,Marlon Vera,10
2026-04-29,Featherweight,Payton Talbott,11
2026-04-29,Featherweight,Vinicius Oliveira,12
2026-04-29,Featherweight,Raul Rosas Jr.,13
2026-04-29,Featherweight,Raoni Barcelos,14
2026-04-29,Featherweight,Farid Basharat,15
2026-04-29,Lightweight,Alexander Volkanovski,0
2026-04-29,Lightweight,Movsar Evloev,1
2026-04-29,Lightweight,Diego Lopes,2
2026-04-29,Lightweight,Lerone Murphy,3
2026-04-29,Lightweight,Aljamain Sterling,4
2026-04-29,Lightweight,Yair Rodriguez,5
2026-04-29,Lightweight,Jean Silva,6
2026-04-29,Lightweight,Arnold Allen,7
2026-04-29,Lightweight,Youssef Zalal,8
2026-04-29,Lightweight,Steve Garcia,9
2026-04-29,Lightweight,Kevin Vallejos,10
2026-04-29,Lightweight,Brian Ortega,11
2026-04-29,Lightweight,Melquizael Costa,12
2026-04-29,Lightweight,Aaron Pico,13
2026-04-29,Lightweight,David Onama,14
2026-04-29,Lightweight,Patricio Pitbull,15
2026-04-29,Welterweight,Ilia Topuria,0
2026-04-29,Welterweight,Justin Gaethje,1
2026-04-29,Welterweight,Arman Tsarukyan,2
2026-04-29,Welterweight,Charles Oliveira,3
2026-04-29,Welterweight,Max Holloway,4
2026-04-29,Welterweight,Benoît Saint Denis,5
2026-04-29,Welterweight,Paddy Pimblett,6
2026-04-29,Welterweight,Mateusz Gamrot,7
2026-04-29,Welterweight,Dan Hooker,8
2026-04-29,Welterweight,Renato Moicano,9
2026-04-29,Welterweight,Mauricio Ruffy,10
2026-04-29,Welterweight,Rafael Fiziev,11
2026-04-29,Welterweight,Beneil Dariush,12
2026-04-29,Welterweight,Michael Chandler,13
2026-04-29,Welterweight,Manuel Torres,14
2026-04-29,Welterweight,Farès Ziam,15
2026-04-29,Middleweight,Islam Makhachev,0
2026-04-29,Middleweight,Jack Della Maddalena,1
2026-04-29,Middleweight,Ian Machado Garry,2
2026-04-29,Middleweight,Michael Morales,3
2026-04-29,Middleweight,Belal Muhammad,4
2026-04-29,Middleweight,Carlos Prates,5
2026-04-29,Middleweight,Sean Brady,6
2026-04-29,Middleweight,Kamaru Usman,7
2026-04-29,Middleweight,Leon Edwards,8
2026-04-29,Middleweight,Joaquin Buckley,9
2026-04-29,Middleweight,Gabriel Bonfim,10
2026-04-29,Middleweight,Mike Malott,11
2026-04-29,Middleweight,Uroš Medić,12
2026-04-29,Middleweight,Michael Venom Page,12
2026-04-29,Middleweight,Yaroslav Amosov,14
2026-04-29,Middleweight,Daniel Rodriguez,14
2026-04-29,Light Heavyweight,Khamzat Chimaev,0
2026-04-29,Light Heavyweight,Dricus Du Plessis,1
2026-04-29,Light Heavyweight,Nassourdine Imavov,2
2026-04-29,Light Heavyweight,Sean Strickland,3
2026-04-29,Light Heavyweight,Brendan Allen,4
2026-04-29,Light Heavyweight,Caio Borralho,5
2026-04-29,Light Heavyweight,Joe Pyfer,6
2026-04-29,Light Heavyweight,Anthony Hernandez,7
2026-04-29,Light Heavyweight,Reinier de Ridder,8
2026-04-29,Light Heavyweight,Israel Adesanya,9
2026-04-29,Light Heavyweight,Robert Whittaker,10
2026-04-29,Light Heavyweight,Jared Cannonier,11
2026-04-29,Light Heavyweight,Gregory Rodrigues,12
2026-04-29,Light Heavyweight,Christian Leroy Duncan,13
2026-04-29,Light Heavyweight,Paulo Costa,14
2026-04-29,Light Heavyweight,Roman Dolidze,15
2026-04-29,Heavyweight,Carlos Ulberg,0
2026-04-29,Heavyweight,Magomed Ankalaev,1
2026-04-29,Heavyweight,Alex Pereira,2
2026-04-29,Heavyweight,Jiří Procházka,3
2026-04-29,Heavyweight,Jan Błachowicz,4
2026-04-29,Heavyweight,Khalil Rountree Jr.,5
2026-04-29,Heavyweight,Jamahal Hill,6
2026-04-29,Heavyweight,Paulo Costa,7
2026-04-29,Heavyweight,Azamat Murzakanov,8
2026-04-29,Heavyweight,Dominick Reyes,9
2026-04-29,Heavyweight,Bogdan Guskov,10
2026-04-29,Heavyweight,Volkan Oezdemir,11
2026-04-29,Heavyweight,Aleksandar Rakić,12
2026-04-29,Heavyweight,Nikita Krylov,13
2026-04-29,Heavyweight,Johnny Walker,13
2026-04-29,Heavyweight,Alonzo Menifield,15
2026-04-29,Women's Strawweight,Tom Aspinall,0
2026-04-29,Women's Strawweight,Ciryl Gane,1
2026-04-29,Women's Strawweight,Alexander Volkov,2
2026-04-29,Women's Strawweight,Sergei Pavlovich,3
2026-04-29,Women's Strawweight,Waldo Cortes Acosta,4
2026-04-29,Women's Strawweight,Josh Hokit,5
2026-04-29,Women's Strawweight,Serghei Spivac,6
2026-04-29,Women's Strawweight,Curtis Blaydes,7
2026-04-29,Women's Strawweight,Rizvan Kuniev,8
2026-04-29,Women's Strawweight,Derrick Lewis,9
2026-04-29,Women's Strawweight,Ante Delija,10
2026-04-29,Women's Strawweight,Tyrell Fortune,11
2026-04-29,Women's Strawweight,Marcin Tybura,12
2026-04-29,Women's Strawweight,Tallison Teixeira,13
2026-04-29,Women's Strawweight,Shamil Gaziev,14
2026-04-29,Women's Strawweight,Mick Parkin,15
2026-04-29,Women's Flyweight,Valentina Shevchenko,0
2026-04-29,Women's Flyweight,Valentina Shevchenko,1
2026-04-29,Women's Flyweight,Kayla Harrison,2
2026-04-29,Women's Flyweight,Zhang Weili,3
2026-04-29,Women's Flyweight,Natalia Silva,4
2026-04-29,Women's Flyweight,Manon Fiorot,5
2026-04-29,Women's Flyweight,Mackenzie Dern,6
2026-04-29,Women's Flyweight,Alexa Grasso,7
2026-04-29,Women's Flyweight,Erin Blanchfield,8
2026-04-29,Women's Flyweight,Julianna Peña,9
2026-04-29,Women's Flyweight,Tatiana Suarez,10
2026-04-29,Women's Flyweight,Virna Jandiroba,11
2026-04-29,Women's Flyweight,Raquel Pennington,12
2026-04-29,Women's Flyweight,Yan Xiaonan,13
2026-04-29,Women's Flyweight,Rose Namajunas,14
2026-04-29,Women's Flyweight,Maycee Barber,15
2026-04-29,Women's Bantamweight,Mackenzie Dern,0
2026-04-29,Women's Bantamweight,Zhang Weili,1
2026-04-29,Women's Bantamweight,Tatiana Suarez,2
2026-04-29,Women's Bantamweight,Virna Jandiroba,3
2026-04-29,Women's Bantamweight,Yan Xiaonan,4
2026-04-29,Women's Bantamweight,Gillian Robertson,5
2026-04-29,Women's Bantamweight,Loopy Godinez,6
2026-04-29,Women's Bantamweight,Amanda Lemos,7
2026-04-29,Women's Bantamweight,Tabatha Ricci,8
2026-04-29,Women's Bantamweight,Jéssica Andrade,9
2026-04-29,Women's Bantamweight,Amanda Ribas,10
2026-04-29,Women's Bantamweight,Fatima Kline,11
2026-04-29,Women's Bantamweight,Denise Gomes,12
2026-04-29,Women's Bantamweight,Alexia Thainara,13
2026-04-29,Women's Bantamweight,Angela Hill,14
2026-04-29,Women's Bantamweight,Mizuki,15
2026-04-29,Women's Featherweight,Valentina Shevchenko,0
2026-04-29,Women's Featherweight,Natalia Silva,1
2026-04-29,Women's Featherweight,Manon Fiorot,2
2026-04-29,Women's Featherweight,Alexa Grasso,3
2026-04-29,Women's Featherweight,Erin Blanchfield,4
2026-04-29,Women's Featherweight,Maycee Barber,5
2026-04-29,Women's Featherweight,Rose Namajunas,6
2026-04-29,Women's Featherweight,Jasmine Jasudavicius,7
2026-04-29,Women's Featherweight,Tracy Cortez,8
2026-04-29,Women's Featherweight,Miranda Maverick,9
2026-04-29,Women's Featherweight,Karine Silva,10
2026-04-29,Women's Featherweight,Casey O'Neill,11
2026-04-29,Women's Featherweight,Wang Cong,12
2026-04-29,Women's Featherweight,Eduarda Moura,13
2026-04-29,Women's Featherweight,JJ Aldrich,14
2026-04-29,Women's Featherweight,Gabriella Fernandes,15
2026-04-29,Pound-for-Pound,Kayla Harrison,0
2026-04-29,Pound-for-Pound,Julianna Peña,1
2026-04-29,Pound-for-Pound,Raquel Pennington,2
2026-04-29,Pound-for-Pound,Joselyne Edwards,3
2026-04-29,Pound-for-Pound,Norma Dumont,4
2026-04-29,Pound-for-Pound,Ketlen Vieira,5
2026-04-29,Pound-for-Pound,Ailin Perez,6
2026-04-29,Pound-for-Pound,Yana Santos,7
2026-04-29,Pound-for-Pound,Irene Aldana,7
2026-04-29,Pound-for-Pound,Macy Chiasson,9
2026-04-29,Pound-for-Pound,Karol Rosa,10
2026-04-29,Pound-for-Pound,Jacqueline Cavalcanti,11
2026-04-29,Pound-for-Pound,Nora Cornolle,12
2026-04-29,Pound-for-Pound,Luana Santos,13
2026-04-29,Pound-for-Pound,Michelle Montague,14
2026-04-29,Pound-for-Pound,Bia Mesquita,15
2026-05-06,Flyweight,Islam Makhachev,0
2026-05-06,Flyweight,Islam Makhachev,1
2026-05-06,Flyweight,Ilia Topuria,2
2026-05-06,Flyweight,Khamzat Chimaev,3
2026-05-06,Flyweight,Alexander Volkanovski,4
2026-05-06,Flyweight,Alex Pereira,5
2026-05-06,Flyweight,Petr Yan,6
2026-05-06,Flyweight,Tom Aspinall,7
2026-05-06,Flyweight,Merab Dvalishvili,8
2026-05-06,Flyweight,Alexandre Pantoja,9
2026-05-06,Flyweight,Joshua Van,10
2026-05-06,Flyweight,Charles Oliveira,11
2026-05-06,Flyweight,Dricus Du Plessis,12
2026-05-06,Flyweight,Arman Tsarukyan,13
2026-05-06,Flyweight,Carlos Ulberg,14
2026-05-06,Flyweight,Magomed Ankalaev,14
2026-05-06,Bantamweight,Joshua Van,0
2026-05-06,Bantamweight,Alexandre Pantoja,1
2026-05-06,Bantamweight,Manel Kape,2
2026-05-06,Bantamweight,Tatsuro Taira,3
2026-05-06,Bantamweight,Brandon Royval,4
2026-05-06,Bantamweight,Kyoji Horiguchi,5
2026-05-06,Bantamweight,Lone’er Kavanagh,6
2026-05-06,Bantamweight,Amir Albazi,7
2026-05-06,Bantamweight,Asu Almabayev,8
2026-05-06,Bantamweight,Brandon Moreno,9
2026-05-06,Bantamweight,Steve Erceg,10
2026-05-06,Bantamweight,Alex Perez,11
2026-05-06,Bantamweight,Tim Elliott,12
2026-05-06,Bantamweight,Charles Johnson,13
2026-05-06,Bantamweight,Tagir Ulanbekov,14
2026-05-06,Bantamweight,Bruno Silva,15
2026-05-06,Featherweight,Petr Yan,0
2026-05-06,Featherweight,Merab Dvalishvili,1
2026-05-06,Featherweight,Umar Nurmagomedov,2
2026-05-06,Featherweight,Sean O'Malley,2
2026-05-06,Featherweight,Cory Sandhagen,4
2026-05-06,Featherweight,Song Yadong,5
2026-05-06,Featherweight,Aiemann Zahabi,6
2026-05-06,Featherweight,Deiveson Figueiredo,7
2026-05-06,Featherweight,Mario Bautista,8
2026-05-06,Featherweight,David Martinez,9
2026-05-06,Featherweight,Marlon Vera,10
2026-05-06,Featherweight,Payton Talbott,11
2026-05-06,Featherweight,Vinicius Oliveira,12
2026-05-06,Featherweight,Raul Rosas Jr.,13
2026-05-06,Featherweight,Raoni Barcelos,14
2026-05-06,Featherweight,Farid Basharat,15
2026-05-06,Lightweight,Alexander Volkanovski,0
2026-05-06,Lightweight,Movsar Evloev,1
2026-05-06,Lightweight,Diego Lopes,2
2026-05-06,Lightweight,Lerone Murphy,3
2026-05-06,Lightweight,Aljamain Sterling,4
2026-05-06,Lightweight,Yair Rodriguez,5
2026-05-06,Lightweight,Jean Silva,6
2026-05-06,Lightweight,Arnold Allen,7
2026-05-06,Lightweight,Youssef Zalal,8
2026-05-06,Lightweight,Steve Garcia,9
2026-05-06,Lightweight,Kevin Vallejos,10
2026-05-06,Lightweight,Brian Ortega,11
2026-05-06,Lightweight,Melquizael Costa,12
2026-05-06,Lightweight,Aaron Pico,13
2026-05-06,Lightweight,David Onama,14
2026-05-06,Lightweight,Patricio Pitbull,15
2026-05-06,Welterweight,Ilia Topuria,0
2026-05-06,Welterweight,Justin Gaethje,1
2026-05-06,Welterweight,Arman Tsarukyan,2
2026-05-06,Welterweight,Charles Oliveira,3
2026-05-06,Welterweight,Max Holloway,4
2026-05-06,Welterweight,Benoît Saint Denis,5
2026-05-06,Welterweight,Paddy Pimblett,6
2026-05-06,Welterweight,Mateusz Gamrot,7
2026-05-06,Welterweight,Dan Hooker,8
2026-05-06,Welterweight,Renato Moicano,9
2026-05-06,Welterweight,Mauricio Ruffy,10
2026-05-06,Welterweight,Rafael Fiziev,11
2026-05-06,Welterweight,Quillan Salkilld,12
2026-05-06,Welterweight,Michael Chandler,13
2026-05-06,Welterweight,Beneil Dariush,14
2026-05-06,Welterweight,Farès Ziam,15
2026-05-06,Middleweight,Islam Makhachev,0
2026-05-06,Middleweight,Ian Machado Garry,1
2026-05-06,Middleweight,Carlos Prates,2
2026-05-06,Middleweight,Michael Morales,3
2026-05-06,Middleweight,Jack Della Maddalena,4
2026-05-06,Middleweight,Belal Muhammad,5
2026-05-06,Middleweight,Sean Brady,6
2026-05-06,Middleweight,Leon Edwards,7
2026-05-06,Middleweight,Kamaru Usman,8
2026-05-06,Middleweight,Joaquin Buckley,9
2026-05-06,Middleweight,Gabriel Bonfim,10
2026-05-06,Middleweight,Mike Malott,11
2026-05-06,Middleweight,Uroš Medić,12
2026-05-06,Middleweight,Michael Venom Page,12
2026-05-06,Middleweight,Yaroslav Amosov,14
2026-05-06,Middleweight,Daniel Rodriguez,14
2026-05-06,Light Heavyweight,Khamzat Chimaev,0
2026-05-06,Light Heavyweight,Dricus Du Plessis,1
2026-05-06,Light Heavyweight,Nassourdine Imavov,2
2026-05-06,Light Heavyweight,Sean Strickland,3
2026-05-06,Light Heavyweight,Brendan Allen,4
2026-05-06,Light Heavyweight,Caio Borralho,5
2026-05-06,Light Heavyweight,Joe Pyfer,6
2026-05-06,Light Heavyweight,Anthony Hernandez,7
2026-05-06,Light Heavyweight,Reinier de Ridder,8
2026-05-06,Light Heavyweight,Israel Adesanya,9
2026-05-06,Light Heavyweight,Robert Whittaker,10
2026-05-06,Light Heavyweight,Jared Cannonier,11
2026-05-06,Light Heavyweight,Gregory Rodrigues,12
2026-05-06,Light Heavyweight,Christian Leroy Duncan,13
2026-05-06,Light Heavyweight,Paulo Costa,14
2026-05-06,Light Heavyweight,Roman Dolidze,15
2026-05-06,Heavyweight,Carlos Ulberg,0
2026-05-06,Heavyweight,Magomed Ankalaev,1
2026-05-06,Heavyweight,Alex Pereira,2
2026-05-06,Heavyweight,Jiří Procházka,3
2026-05-06,Heavyweight,Jan Błachowicz,4
2026-05-06,Heavyweight,Khalil Rountree Jr.,5
2026-05-06,Heavyweight,Jamahal Hill,6
2026-05-06,Heavyweight,Paulo Costa,7
2026-05-06,Heavyweight,Azamat Murzakanov,8
2026-05-06,Heavyweight,Dominick Reyes,9
2026-05-06,Heavyweight,Bogdan Guskov,10
2026-05-06,Heavyweight,Volkan Oezdemir,11
2026-05-06,Heavyweight,Aleksandar Rakić,12
2026-05-06,Heavyweight,Nikita Krylov,13
2026-05-06,Heavyweight,Johnny Walker,13
2026-05-06,Heavyweight,Alonzo Menifield,15
2026-05-06,Women's Strawweight,Tom Aspinall,0
2026-05-06,Women's Strawweight,Ciryl Gane,1
2026-05-06,Women's Strawweight,Alexander Volkov,2
2026-05-06,Women's Strawweight,Sergei Pavlovich,3
2026-05-06,Women's Strawweight,Waldo Cortes Acosta,4
2026-05-06,Women's Strawweight,Josh Hokit,5
2026-05-06,Women's Strawweight,Serghei Spivac,6
2026-05-06,Women's Strawweight,Curtis Blaydes,7
2026-05-06,Women's Strawweight,Rizvan Kuniev,8
2026-05-06,Women's Strawweight,Derrick Lewis,9
2026-05-06,Women's Strawweight,Ante Delija,10
2026-05-06,Women's Strawweight,Tyrell Fortune,11
2026-05-06,Women's Strawweight,Marcin Tybura,12
2026-05-06,Women's Strawweight,Valter Walker,13
2026-05-06,Women's Strawweight,Tallison Teixeira,14
2026-05-06,Women's Strawweight,Brando Peričić,15
2026-05-06,Women's Flyweight,Valentina Shevchenko,0
2026-05-06,Women's Flyweight,Valentina Shevchenko,1
2026-05-06,Women's Flyweight,Kayla Harrison,2
2026-05-06,Women's Flyweight,Zhang Weili,3
2026-05-06,Women's Flyweight,Natalia Silva,4
2026-05-06,Women's Flyweight,Manon Fiorot,5
2026-05-06,Women's Flyweight,Mackenzie Dern,6
2026-05-06,Women's Flyweight,Alexa Grasso,7
2026-05-06,Women's Flyweight,Erin Blanchfield,8
2026-05-06,Women's Flyweight,Julianna Peña,9
2026-05-06,Women's Flyweight,Tatiana Suarez,10
2026-05-06,Women's Flyweight,Virna Jandiroba,11
2026-05-06,Women's Flyweight,Raquel Pennington,12
2026-05-06,Women's Flyweight,Yan Xiaonan,13
2026-05-06,Women's Flyweight,Rose Namajunas,14
2026-05-06,Women's Flyweight,Maycee Barber,15
2026-05-06,Women's Bantamweight,Mackenzie Dern,0
2026-05-06,Women's Bantamweight,Zhang Weili,1
2026-05-06,Women's Bantamweight,Tatiana Suarez,2
2026-05-06,Women's Bantamweight,Virna Jandiroba,3
2026-05-06,Women's Bantamweight,Yan Xiaonan,4
2026-05-06,Women's Bantamweight,Gillian Robertson,5
2026-05-06,Women's Bantamweight,Loopy Godinez,6
2026-05-06,Women's Bantamweight,Amanda Lemos,7
2026-05-06,Women's Bantamweight,Tabatha Ricci,8
2026-05-06,Women's Bantamweight,Jéssica Andrade,9
2026-05-06,Women's Bantamweight,Amanda Ribas,10
2026-05-06,Women's Bantamweight,Fatima Kline,11
2026-05-06,Women's Bantamweight,Denise Gomes,12
2026-05-06,Women's Bantamweight,Alexia Thainara,13
2026-05-06,Women's Bantamweight,Angela Hill,14
2026-05-06,Women's Bantamweight,Mizuki,15
2026-05-06,Women's Featherweight,Valentina Shevchenko,0
2026-05-06,Women's Featherweight,Natalia Silva,1
2026-05-06,Women's Featherweight,Manon Fiorot,2
2026-05-06,Women's Featherweight,Alexa Grasso,3
2026-05-06,Women's Featherweight,Erin Blanchfield,4
2026-05-06,Women's Featherweight,Maycee Barber,5
2026-05-06,Women's Featherweight,Rose Namajunas,6
2026-05-06,Women's Featherweight,Jasmine Jasudavicius,7
2026-05-06,Women's Featherweight,Tracy Cortez,8
2026-05-06,Women's Featherweight,Miranda Maverick,9
2026-05-06,Women's Featherweight,Karine Silva,10
2026-05-06,Women's Featherweight,Casey O'Neill,11
2026-05-06,Women's Featherweight,Wang Cong,12
2026-05-06,Women's Featherweight,Eduarda Moura,13
2026-05-06,Women's Featherweight,JJ Aldrich,14
2026-05-06,Women's Featherweight,Gabriella Fernandes,15
2026-05-06,Pound-for-Pound,Kayla Harrison,0
2026-05-06,Pound-for-Pound,Julianna Peña,1
2026-05-06,Pound-for-Pound,Raquel Pennington,2
2026-05-06,Pound-for-Pound,Joselyne Edwards,3
2026-05-06,Pound-for-Pound,Norma Dumont,4
2026-05-06,Pound-for-Pound,Ketlen Vieira,5
2026-05-06,Pound-for-Pound,Ailin Perez,6
2026-05-06,Pound-for-Pound,Yana Santos,7
2026-05-06,Pound-for-Pound,Irene Aldana,7
2026-05-06,Pound-for-Pound,Macy Chiasson,9
2026-05-06,Pound-for-Pound,Karol Rosa,10
2026-05-06,Pound-for-Pound,Jacqueline Cavalcanti,11
2026-05-06,Pound-for-Pound,Nora Cornolle,12
2026-05-06,Pound-for-Pound,Michelle Montague,13
2026-05-06,Pound-for-Pound,Luana Santos,14
2026-05-06,Pound-for-Pound,Bia Mesquita,15
